"Location ID","Location","Date","Value","Rank","Anomaly (1901-2000 base period)","1901-2000 Mean"
CA-001,"Alameda County",189501,8.43,120,4.46,3.97
CA-001,"Alameda County",189502,2.09,54,-1.25,3.34
CA-001,"Alameda County",189503,1.97,51,-0.9,2.87
CA-001,"Alameda County",189504,1.75,90,0.41,1.34
CA-001,"Alameda County",189505,1.2,110,0.62,0.58
CA-001,"Alameda County",189506,0.0,1,-0.14,0.14
CA-001,"Alameda County",189507,0.05,121,0.04,0.01
CA-001,"Alameda County",189508,0.01,87,-0.02,0.03
CA-001,"Alameda County",189509,0.5,108,0.28,0.22
CA-001,"Alameda County",189510,0.57,62,-0.34,0.91
CA-001,"Alameda County",189511,1.57,60,-0.54,2.11
CA-001,"Alameda County",189512,1.47,30,-1.75,3.22
CA-001,"Alameda County",189601,8.47,121,4.5,3.97
CA-001,"Alameda County",189602,0.23,4,-3.11,3.34
CA-001,"Alameda County",189603,2.71,73,-0.16,2.87
CA-001,"Alameda County",189604,4.13,123,2.79,1.34
CA-001,"Alameda County",189605,0.72,92,0.14,0.58
CA-001,"Alameda County",189606,0.0,1,-0.14,0.14
CA-001,"Alameda County",189607,0.02,114,0.01,0.01
CA-001,"Alameda County",189608,0.27,126,0.24,0.03
CA-001,"Alameda County",189609,0.47,106,0.25,0.22
CA-001,"Alameda County",189610,1.56,99,0.64,0.92
CA-001,"Alameda County",189611,4.12,111,2.01,2.11
CA-001,"Alameda County",189612,3.3,73,0.08,3.22
CA-001,"Alameda County",189701,2.66,49,-1.31,3.97
CA-001,"Alameda County",189702,4.3,89,0.96,3.34
CA-001,"Alameda County",189703,4.11,100,1.24,2.87
CA-001,"Alameda County",189704,0.56,44,-0.78,1.34
CA-001,"Alameda County",189705,0.14,43,-0.44,0.58
CA-001,"Alameda County",189706,0.21,96,0.07,0.14
CA-001,"Alameda County",189707,0.0,1,-0.01,0.01
CA-001,"Alameda County",189708,0.02,96,-0.01,0.03
CA-001,"Alameda County",189709,0.15,84,-0.07,0.22
CA-001,"Alameda County",189710,1.82,104,0.9,0.92
CA-001,"Alameda County",189711,0.97,41,-1.14,2.11
CA-001,"Alameda County",189712,1.54,33,-1.68,3.22
CA-001,"Alameda County",189801,1.14,19,-2.83,3.97
CA-001,"Alameda County",189802,2.49,63,-0.85,3.34
CA-001,"Alameda County",189803,0.48,14,-2.39,2.87
CA-001,"Alameda County",189804,0.21,12,-1.13,1.34
CA-001,"Alameda County",189805,1.35,115,0.77,0.58
CA-001,"Alameda County",189806,0.18,95,0.04,0.14
CA-001,"Alameda County",189807,0.0,1,-0.01,0.01
CA-001,"Alameda County",189808,0.02,96,-0.01,0.03
CA-001,"Alameda County",189809,0.86,118,0.64,0.22
CA-001,"Alameda County",189810,0.95,76,0.04,0.91
CA-001,"Alameda County",189811,0.65,29,-1.46,2.11
CA-001,"Alameda County",189812,1.32,28,-1.9,3.22
CA-001,"Alameda County",189901,4.52,88,0.55,3.97
CA-001,"Alameda County",189902,0.25,5,-3.09,3.34
CA-001,"Alameda County",189903,7.19,123,4.32,2.87
CA-001,"Alameda County",189904,0.55,42,-0.79,1.34
CA-001,"Alameda County",189905,0.86,98,0.28,0.58
CA-001,"Alameda County",189906,0.22,97,0.08,0.14
CA-001,"Alameda County",189907,0.0,1,-0.01,0.01
CA-001,"Alameda County",189908,0.04,104,0.01,0.03
CA-001,"Alameda County",189909,0.03,54,-0.19,0.22
CA-001,"Alameda County",189910,4.2,125,3.28,0.92
CA-001,"Alameda County",189911,3.69,107,1.58,2.11
CA-001,"Alameda County",189912,2.65,66,-0.57,3.22
CA-001,"Alameda County",190001,2.9,55,-1.07,3.97
CA-001,"Alameda County",190002,0.48,14,-2.86,3.34
CA-001,"Alameda County",190003,1.87,49,-1.0,2.87
CA-001,"Alameda County",190004,1.77,91,0.43,1.34
CA-001,"Alameda County",190005,1.24,113,0.66,0.58
CA-001,"Alameda County",190006,0.03,61,-0.11,0.14
CA-001,"Alameda County",190007,0.02,114,0.01,0.01
CA-001,"Alameda County",190008,0.01,87,-0.02,0.03
CA-001,"Alameda County",190009,0.12,78,-0.1,0.22
CA-001,"Alameda County",190010,1.96,107,1.04,0.92
CA-001,"Alameda County",190011,6.0,125,3.89,2.11
CA-001,"Alameda County",190012,1.61,34,-1.61,3.22
CA-001,"Alameda County",190101,4.48,86,0.51,3.97
CA-001,"Alameda County",190102,5.4,103,2.06,3.34
CA-001,"Alameda County",190103,0.89,20,-1.98,2.87
CA-001,"Alameda County",190104,2.41,106,1.07,1.34
CA-001,"Alameda County",190105,1.01,104,0.43,0.58
CA-001,"Alameda County",190106,0.0,1,-0.14,0.14
CA-001,"Alameda County",190107,0.0,1,-0.01,0.01
CA-001,"Alameda County",190108,0.0,1,-0.03,0.03
CA-001,"Alameda County",190109,0.68,114,0.46,0.22
CA-001,"Alameda County",190110,1.1,83,0.18,0.92
CA-001,"Alameda County",190111,2.26,78,0.15,2.11
CA-001,"Alameda County",190112,0.93,15,-2.29,3.22
CA-001,"Alameda County",190201,1.04,16,-2.93,3.97
CA-001,"Alameda County",190202,7.5,122,4.16,3.34
CA-001,"Alameda County",190203,3.12,81,0.25,2.87
CA-001,"Alameda County",190204,1.6,85,0.26,1.34
CA-001,"Alameda County",190205,1.05,105,0.47,0.58
CA-001,"Alameda County",190206,0.01,46,-0.13,0.14
CA-001,"Alameda County",190207,0.0,1,-0.01,0.01
CA-001,"Alameda County",190208,0.0,1,-0.03,0.03
CA-001,"Alameda County",190209,0.0,1,-0.22,0.22
CA-001,"Alameda County",190210,1.77,102,0.86,0.91
CA-001,"Alameda County",190211,2.5,85,0.39,2.11
CA-001,"Alameda County",190212,1.72,38,-1.5,3.22
CA-001,"Alameda County",190301,3.85,79,-0.12,3.97
CA-001,"Alameda County",190302,1.53,35,-1.81,3.34
CA-001,"Alameda County",190303,6.99,122,4.12,2.87
CA-001,"Alameda County",190304,0.74,51,-0.6,1.34
CA-001,"Alameda County",190305,0.01,9,-0.57,0.58
CA-001,"Alameda County",190306,0.0,1,-0.14,0.14
CA-001,"Alameda County",190307,0.0,1,-0.01,0.01
CA-001,"Alameda County",190308,0.0,1,-0.03,0.03
CA-001,"Alameda County",190309,0.0,1,-0.22,0.22
CA-001,"Alameda County",190310,0.19,32,-0.72,0.91
CA-001,"Alameda County",190311,2.92,94,0.81,2.11
CA-001,"Alameda County",190312,0.9,14,-2.32,3.22
CA-001,"Alameda County",190401,1.23,24,-2.74,3.97
CA-001,"Alameda County",190402,5.33,101,1.99,3.34
CA-001,"Alameda County",190403,5.57,115,2.7,2.87
CA-001,"Alameda County",190404,2.01,102,0.67,1.34
CA-001,"Alameda County",190405,0.27,55,-0.31,0.58
CA-001,"Alameda County",190406,0.0,1,-0.14,0.14
CA-001,"Alameda County",190407,0.0,1,-0.01,0.01
CA-001,"Alameda County",190408,0.24,124,0.21,0.03
CA-001,"Alameda County",190409,1.24,127,1.02,0.22
CA-001,"Alameda County",190410,2.07,109,1.16,0.91
CA-001,"Alameda County",190411,1.41,54,-0.7,2.11
CA-001,"Alameda County",190412,2.57,61,-0.65,3.22
CA-001,"Alameda County",190501,3.67,73,-0.3,3.97
CA-001,"Alameda County",190502,3.21,72,-0.13,3.34
CA-001,"Alameda County",190503,4.29,103,1.42,2.87
CA-001,"Alameda County",190504,1.16,71,-0.18,1.34
CA-001,"Alameda County",190505,2.64,124,2.06,0.58
CA-001,"Alameda County",190506,0.0,1,-0.14,0.14
CA-001,"Alameda County",190507,0.0,1,-0.01,0.01
CA-001,"Alameda County",190508,0.0,1,-0.03,0.03
CA-001,"Alameda County",190509,0.01,33,-0.21,0.22
CA-001,"Alameda County",190510,0.0,1,-0.92,0.92
CA-001,"Alameda County",190511,1.86,68,-0.25,2.11
CA-001,"Alameda County",190512,1.49,31,-1.73,3.22
CA-001,"Alameda County",190601,5.85,104,1.88,3.97
CA-001,"Alameda County",190602,3.42,75,0.08,3.34
CA-001,"Alameda County",190603,6.76,119,3.89,2.87
CA-001,"Alameda County",190604,1.14,68,-0.2,1.34
CA-001,"Alameda County",190605,1.9,120,1.32,0.58
CA-001,"Alameda County",190606,0.66,123,0.52,0.14
CA-001,"Alameda County",190607,0.0,1,-0.01,0.01
CA-001,"Alameda County",190608,0.01,87,-0.02,0.03
CA-001,"Alameda County",190609,0.21,91,-0.01,0.22
CA-001,"Alameda County",190610,0.01,7,-0.9,0.91
CA-001,"Alameda County",190611,1.54,59,-0.57,2.11
CA-001,"Alameda County",190612,8.29,124,5.07,3.22
CA-001,"Alameda County",190701,5.68,101,1.71,3.97
CA-001,"Alameda County",190702,2.6,65,-0.74,3.34
CA-001,"Alameda County",190703,9.79,127,6.92,2.87
CA-001,"Alameda County",190704,0.51,37,-0.83,1.34
CA-001,"Alameda County",190705,0.16,44,-0.42,0.58
CA-001,"Alameda County",190706,0.71,127,0.57,0.14
CA-001,"Alameda County",190707,0.0,1,-0.01,0.01
CA-001,"Alameda County",190708,0.0,1,-0.03,0.03
CA-001,"Alameda County",190709,0.11,76,-0.11,0.22
CA-001,"Alameda County",190710,1.31,90,0.4,0.91
CA-001,"Alameda County",190711,0.06,6,-2.05,2.11
CA-001,"Alameda County",190712,4.75,96,1.53,3.22
CA-001,"Alameda County",190801,3.52,70,-0.45,3.97
CA-001,"Alameda County",190802,2.61,67,-0.73,3.34
CA-001,"Alameda County",190803,1.13,24,-1.74,2.87
CA-001,"Alameda County",190804,0.31,23,-1.03,1.34
CA-001,"Alameda County",190805,0.71,89,0.13,0.58
CA-001,"Alameda County",190806,0.01,46,-0.13,0.14
CA-001,"Alameda County",190807,0.0,1,-0.01,0.01
CA-001,"Alameda County",190808,0.0,1,-0.03,0.03
CA-001,"Alameda County",190809,0.11,76,-0.11,0.22
CA-001,"Alameda County",190810,0.41,50,-0.5,0.91
CA-001,"Alameda County",190811,1.15,46,-0.96,2.11
CA-001,"Alameda County",190812,2.13,48,-1.09,3.22
CA-001,"Alameda County",190901,12.42,126,8.45,3.97
CA-001,"Alameda County",190902,5.92,109,2.58,3.34
CA-001,"Alameda County",190903,2.86,78,-0.01,2.87
CA-001,"Alameda County",190904,0.0,1,-1.34,1.34
CA-001,"Alameda County",190905,0.0,1,-0.58,0.58
CA-001,"Alameda County",190906,0.08,81,-0.06,0.14
CA-001,"Alameda County",190907,0.0,1,-0.01,0.01
CA-001,"Alameda County",190908,0.0,1,-0.03,0.03
CA-001,"Alameda County",190909,0.88,121,0.66,0.22
CA-001,"Alameda County",190910,0.91,75,0.0,0.91
CA-001,"Alameda County",190911,2.2,77,0.09,2.11
CA-001,"Alameda County",190912,6.84,115,3.62,3.22
CA-001,"Alameda County",191001,3.33,67,-0.64,3.97
CA-001,"Alameda County",191002,1.44,33,-1.9,3.34
CA-001,"Alameda County",191003,3.17,83,0.3,2.87
CA-001,"Alameda County",191004,0.21,12,-1.13,1.34
CA-001,"Alameda County",191005,0.0,1,-0.58,0.58
CA-001,"Alameda County",191006,0.04,70,-0.1,0.14
CA-001,"Alameda County",191007,0.0,1,-0.01,0.01
CA-001,"Alameda County",191008,0.0,1,-0.03,0.03
CA-001,"Alameda County",191009,0.13,80,-0.09,0.22
CA-001,"Alameda County",191010,0.39,46,-0.52,0.91
CA-001,"Alameda County",191011,0.3,14,-1.81,2.11
CA-001,"Alameda County",191012,1.51,32,-1.71,3.22
CA-001,"Alameda County",191101,13.47,128,9.5,3.97
CA-001,"Alameda County",191102,1.97,52,-1.37,3.34
CA-001,"Alameda County",191103,5.41,112,2.54,2.87
CA-001,"Alameda County",191104,1.07,63,-0.27,1.34
CA-001,"Alameda County",191105,0.37,61,-0.21,0.58
CA-001,"Alameda County",191106,0.1,84,-0.04,0.14
CA-001,"Alameda County",191107,0.0,1,-0.01,0.01
CA-001,"Alameda County",191108,0.0,1,-0.03,0.03
CA-001,"Alameda County",191109,0.0,1,-0.22,0.22
CA-001,"Alameda County",191110,0.55,57,-0.36,0.91
CA-001,"Alameda County",191111,0.53,25,-1.58,2.11
CA-001,"Alameda County",191112,2.26,51,-0.96,3.22
CA-001,"Alameda County",191201,2.86,53,-1.11,3.97
CA-001,"Alameda County",191202,0.38,9,-2.96,3.34
CA-001,"Alameda County",191203,2.92,80,0.05,2.87
CA-001,"Alameda County",191204,1.8,95,0.46,1.34
CA-001,"Alameda County",191205,1.23,112,0.65,0.58
CA-001,"Alameda County",191206,0.68,124,0.54,0.14
CA-001,"Alameda County",191207,0.0,1,-0.01,0.01
CA-001,"Alameda County",191208,0.0,1,-0.03,0.03
CA-001,"Alameda County",191209,0.67,112,0.45,0.22
CA-001,"Alameda County",191210,0.56,59,-0.36,0.92
CA-001,"Alameda County",191211,0.91,39,-1.2,2.11
CA-001,"Alameda County",191212,0.77,13,-2.45,3.22
CA-001,"Alameda County",191301,3.17,65,-0.8,3.97
CA-001,"Alameda County",191302,0.41,10,-2.93,3.34
CA-001,"Alameda County",191303,1.73,42,-1.14,2.87
CA-001,"Alameda County",191304,0.69,46,-0.65,1.34
CA-001,"Alameda County",191305,0.8,95,0.22,0.58
CA-001,"Alameda County",191306,0.05,72,-0.09,0.14
CA-001,"Alameda County",191307,0.07,127,0.06,0.01
CA-001,"Alameda County",191308,0.03,103,0.0,0.03
CA-001,"Alameda County",191309,0.0,1,-0.22,0.22
CA-001,"Alameda County",191310,0.05,18,-0.86,0.91
CA-001,"Alameda County",191311,4.3,112,2.19,2.11
CA-001,"Alameda County",191312,4.17,90,0.95,3.22
CA-001,"Alameda County",191401,9.8,125,5.83,3.97
CA-001,"Alameda County",191402,3.39,73,0.05,3.34
CA-001,"Alameda County",191403,0.81,19,-2.06,2.87
CA-001,"Alameda County",191404,1.14,68,-0.2,1.34
CA-001,"Alameda County",191405,0.43,66,-0.15,0.58
CA-001,"Alameda County",191406,0.32,111,0.18,0.14
CA-001,"Alameda County",191407,0.0,1,-0.01,0.01
CA-001,"Alameda County",191408,0.0,1,-0.03,0.03
CA-001,"Alameda County",191409,0.01,33,-0.21,0.22
CA-001,"Alameda County",191410,0.72,68,-0.2,0.92
CA-001,"Alameda County",191411,0.49,22,-1.62,2.11
CA-001,"Alameda County",191412,5.86,106,2.64,3.22
CA-001,"Alameda County",191501,5.44,98,1.47,3.97
CA-001,"Alameda County",191502,6.8,114,3.46,3.34
CA-001,"Alameda County",191503,2.06,54,-0.81,2.87
CA-001,"Alameda County",191504,0.95,59,-0.39,1.34
CA-001,"Alameda County",191505,3.16,127,2.58,0.58
CA-001,"Alameda County",191506,0.0,1,-0.14,0.14
CA-001,"Alameda County",191507,0.0,1,-0.01,0.01
CA-001,"Alameda County",191508,0.01,87,-0.02,0.03
CA-001,"Alameda County",191509,0.02,48,-0.2,0.22
CA-001,"Alameda County",191510,0.01,7,-0.9,0.91
CA-001,"Alameda County",191511,0.74,34,-1.37,2.11
CA-001,"Alameda County",191512,5.94,107,2.72,3.22
CA-001,"Alameda County",191601,12.95,127,8.98,3.97
CA-001,"Alameda County",191602,2.61,67,-0.73,3.34
CA-001,"Alameda County",191603,1.54,36,-1.33,2.87
CA-001,"Alameda County",191604,0.18,9,-1.16,1.34
CA-001,"Alameda County",191605,0.05,32,-0.53,0.58
CA-001,"Alameda County",191606,0.01,46,-0.13,0.14
CA-001,"Alameda County",191607,0.02,114,0.01,0.01
CA-001,"Alameda County",191608,0.08,110,0.05,0.03
CA-001,"Alameda County",191609,0.71,116,0.49,0.22
CA-001,"Alameda County",191610,0.78,70,-0.14,0.92
CA-001,"Alameda County",191611,0.78,35,-1.33,2.11
CA-001,"Alameda County",191612,4.31,93,1.09,3.22
CA-001,"Alameda County",191701,1.41,32,-2.56,3.97
CA-001,"Alameda County",191702,4.2,87,0.86,3.34
CA-001,"Alameda County",191703,1.14,26,-1.73,2.87
CA-001,"Alameda County",191704,0.3,22,-1.04,1.34
CA-001,"Alameda County",191705,0.19,48,-0.39,0.58
CA-001,"Alameda County",191706,0.0,1,-0.14,0.14
CA-001,"Alameda County",191707,0.0,1,-0.01,0.01
CA-001,"Alameda County",191708,0.0,1,-0.03,0.03
CA-001,"Alameda County",191709,0.1,72,-0.12,0.22
CA-001,"Alameda County",191710,0.0,1,-0.92,0.92
CA-001,"Alameda County",191711,0.57,26,-1.54,2.11
CA-001,"Alameda County",191712,0.94,16,-2.28,3.22
CA-001,"Alameda County",191801,0.82,13,-3.15,3.97
CA-001,"Alameda County",191802,3.8,80,0.46,3.34
CA-001,"Alameda County",191803,3.68,91,0.81,2.87
CA-001,"Alameda County",191804,0.69,46,-0.65,1.34
CA-001,"Alameda County",191805,0.01,9,-0.57,0.58
CA-001,"Alameda County",191806,0.0,1,-0.14,0.14
CA-001,"Alameda County",191807,0.0,1,-0.01,0.01
CA-001,"Alameda County",191808,0.0,1,-0.03,0.03
CA-001,"Alameda County",191809,1.24,127,1.02,0.22
CA-001,"Alameda County",191810,0.3,40,-0.62,0.92
CA-001,"Alameda County",191811,3.14,97,1.03,2.11
CA-001,"Alameda County",191812,1.93,43,-1.29,3.22
CA-001,"Alameda County",191901,1.45,33,-2.52,3.97
CA-001,"Alameda County",191902,7.15,117,3.81,3.34
CA-001,"Alameda County",191903,2.84,77,-0.03,2.87
CA-001,"Alameda County",191904,0.11,6,-1.23,1.34
CA-001,"Alameda County",191905,0.0,1,-0.58,0.58
CA-001,"Alameda County",191906,0.0,1,-0.14,0.14
CA-001,"Alameda County",191907,0.0,1,-0.01,0.01
CA-001,"Alameda County",191908,0.0,1,-0.03,0.03
CA-001,"Alameda County",191909,0.67,112,0.45,0.22
CA-001,"Alameda County",191910,0.23,37,-0.68,0.91
CA-001,"Alameda County",191911,0.25,13,-1.86,2.11
CA-001,"Alameda County",191912,3.49,76,0.27,3.22
CA-001,"Alameda County",192001,0.45,7,-3.52,3.97
CA-001,"Alameda County",192002,0.91,22,-2.43,3.34
CA-001,"Alameda County",192003,4.08,98,1.21,2.87
CA-001,"Alameda County",192004,1.62,86,0.28,1.34
CA-001,"Alameda County",192005,0.0,1,-0.58,0.58
CA-001,"Alameda County",192006,0.26,102,0.12,0.14
CA-001,"Alameda County",192007,0.0,1,-0.01,0.01
CA-001,"Alameda County",192008,0.02,96,-0.01,0.03
CA-001,"Alameda County",192009,0.08,69,-0.14,0.22
CA-001,"Alameda County",192010,2.14,113,1.22,0.92
CA-001,"Alameda County",192011,2.48,84,0.37,2.11
CA-001,"Alameda County",192012,5.16,99,1.94,3.22
CA-001,"Alameda County",192101,5.21,95,1.24,3.97
CA-001,"Alameda County",192102,0.97,23,-2.37,3.34
CA-001,"Alameda County",192103,1.34,30,-1.53,2.87
CA-001,"Alameda County",192104,0.52,39,-0.82,1.34
CA-001,"Alameda County",192105,1.06,106,0.48,0.58
CA-001,"Alameda County",192106,0.01,46,-0.13,0.14
CA-001,"Alameda County",192107,0.0,1,-0.01,0.01
CA-001,"Alameda County",192108,0.0,1,-0.03,0.03
CA-001,"Alameda County",192109,0.16,86,-0.06,0.22
CA-001,"Alameda County",192110,0.32,41,-0.6,0.92
CA-001,"Alameda County",192111,1.58,61,-0.53,2.11
CA-001,"Alameda County",192112,6.1,110,2.88,3.22
CA-001,"Alameda County",192201,2.19,43,-1.78,3.97
CA-001,"Alameda County",192202,5.42,104,2.08,3.34
CA-001,"Alameda County",192203,2.32,58,-0.55,2.87
CA-001,"Alameda County",192204,0.41,29,-0.93,1.34
CA-001,"Alameda County",192205,0.57,76,-0.01,0.58
CA-001,"Alameda County",192206,0.08,81,-0.06,0.14
CA-001,"Alameda County",192207,0.0,1,-0.01,0.01
CA-001,"Alameda County",192208,0.0,1,-0.03,0.03
CA-001,"Alameda County",192209,0.0,1,-0.22,0.22
CA-001,"Alameda County",192210,1.62,100,0.7,0.92
CA-001,"Alameda County",192211,3.54,106,1.43,2.11
CA-001,"Alameda County",192212,6.87,117,3.65,3.22
CA-001,"Alameda County",192301,2.55,47,-1.42,3.97
CA-001,"Alameda County",192302,0.82,18,-2.52,3.34
CA-001,"Alameda County",192303,0.21,6,-2.66,2.87
CA-001,"Alameda County",192304,2.94,111,1.6,1.34
CA-001,"Alameda County",192305,0.03,25,-0.55,0.58
CA-001,"Alameda County",192306,0.16,94,0.02,0.14
CA-001,"Alameda County",192307,0.0,1,-0.01,0.01
CA-001,"Alameda County",192308,0.02,96,-0.01,0.03
CA-001,"Alameda County",192309,0.87,120,0.65,0.22
CA-001,"Alameda County",192310,0.39,46,-0.52,0.91
CA-001,"Alameda County",192311,0.52,24,-1.59,2.11
CA-001,"Alameda County",192312,1.21,23,-2.01,3.22
CA-001,"Alameda County",192401,2.04,39,-1.93,3.97
CA-001,"Alameda County",192402,1.56,40,-1.78,3.34
CA-001,"Alameda County",192403,1.31,28,-1.56,2.87
CA-001,"Alameda County",192404,0.31,23,-1.03,1.34
CA-001,"Alameda County",192405,0.05,32,-0.53,0.58
CA-001,"Alameda County",192406,0.0,1,-0.14,0.14
CA-001,"Alameda County",192407,0.0,1,-0.01,0.01
CA-001,"Alameda County",192408,0.0,1,-0.03,0.03
CA-001,"Alameda County",192409,0.01,33,-0.21,0.22
CA-001,"Alameda County",192410,2.09,110,1.18,0.91
CA-001,"Alameda County",192411,1.68,62,-0.43,2.11
CA-001,"Alameda County",192412,3.71,83,0.49,3.22
CA-001,"Alameda County",192501,1.15,21,-2.82,3.97
CA-001,"Alameda County",192502,5.64,107,2.3,3.34
CA-001,"Alameda County",192503,1.8,44,-1.07,2.87
CA-001,"Alameda County",192504,2.24,105,0.9,1.34
CA-001,"Alameda County",192505,2.54,123,1.96,0.58
CA-001,"Alameda County",192506,0.04,70,-0.1,0.14
CA-001,"Alameda County",192507,0.04,119,0.03,0.01
CA-001,"Alameda County",192508,0.0,1,-0.03,0.03
CA-001,"Alameda County",192509,0.2,90,-0.02,0.22
CA-001,"Alameda County",192510,0.14,29,-0.78,0.92
CA-001,"Alameda County",192511,1.44,55,-0.67,2.11
CA-001,"Alameda County",192512,1.4,29,-1.82,3.22
CA-001,"Alameda County",192601,3.56,71,-0.41,3.97
CA-001,"Alameda County",192602,4.81,97,1.47,3.34
CA-001,"Alameda County",192603,0.24,7,-2.63,2.87
CA-001,"Alameda County",192604,4.16,124,2.82,1.34
CA-001,"Alameda County",192605,0.17,46,-0.41,0.58
CA-001,"Alameda County",192606,0.0,1,-0.14,0.14
CA-001,"Alameda County",192607,0.0,1,-0.01,0.01
CA-001,"Alameda County",192608,0.01,87,-0.02,0.03
CA-001,"Alameda County",192609,0.0,1,-0.22,0.22
CA-001,"Alameda County",192610,1.4,94,0.48,0.92
CA-001,"Alameda County",192611,4.87,115,2.76,2.11
CA-001,"Alameda County",192612,1.03,20,-2.19,3.22
CA-001,"Alameda County",192701,2.48,45,-1.49,3.97
CA-001,"Alameda County",192702,5.25,100,1.91,3.34
CA-001,"Alameda County",192703,1.86,47,-1.01,2.87
CA-001,"Alameda County",192704,2.1,103,0.76,1.34
CA-001,"Alameda County",192705,0.13,41,-0.45,0.58
CA-001,"Alameda County",192706,0.32,111,0.18,0.14
CA-001,"Alameda County",192707,0.0,1,-0.01,0.01
CA-001,"Alameda County",192708,0.0,1,-0.03,0.03
CA-001,"Alameda County",192709,0.02,48,-0.2,0.22
CA-001,"Alameda County",192710,1.81,103,0.9,0.91
CA-001,"Alameda County",192711,2.1,74,-0.01,2.11
CA-001,"Alameda County",192712,2.6,64,-0.62,3.22
CA-001,"Alameda County",192801,1.69,37,-2.28,3.97
CA-001,"Alameda County",192802,1.53,35,-1.81,3.34
CA-001,"Alameda County",192803,4.16,101,1.29,2.87
CA-001,"Alameda County",192804,1.57,84,0.23,1.34
CA-001,"Alameda County",192805,0.44,67,-0.14,0.58
CA-001,"Alameda County",192806,0.0,1,-0.14,0.14
CA-001,"Alameda County",192807,0.0,1,-0.01,0.01
CA-001,"Alameda County",192808,0.0,1,-0.03,0.03
CA-001,"Alameda County",192809,0.01,33,-0.21,0.22
CA-001,"Alameda County",192810,0.02,13,-0.9,0.92
CA-001,"Alameda County",192811,2.56,87,0.45,2.11
CA-001,"Alameda County",192812,3.47,75,0.25,3.22
CA-001,"Alameda County",192901,1.19,23,-2.78,3.97
CA-001,"Alameda County",192902,1.18,28,-2.16,3.34
CA-001,"Alameda County",192903,1.36,32,-1.51,2.87
CA-001,"Alameda County",192904,1.02,60,-0.32,1.34
CA-001,"Alameda County",192905,0.04,31,-0.54,0.58
CA-001,"Alameda County",192906,0.71,127,0.57,0.14
CA-001,"Alameda County",192907,0.0,1,-0.01,0.01
CA-001,"Alameda County",192908,0.0,1,-0.03,0.03
CA-001,"Alameda County",192909,0.0,1,-0.22,0.22
CA-001,"Alameda County",192910,0.03,15,-0.88,0.91
CA-001,"Alameda County",192911,0.0,1,-2.11,2.11
CA-001,"Alameda County",192912,2.25,50,-0.97,3.22
CA-001,"Alameda County",193001,4.42,85,0.45,3.97
CA-001,"Alameda County",193002,2.43,61,-0.91,3.34
CA-001,"Alameda County",193003,2.55,66,-0.32,2.87
CA-001,"Alameda County",193004,1.24,72,-0.1,1.34
CA-001,"Alameda County",193005,0.49,73,-0.09,0.58
CA-001,"Alameda County",193006,0.0,1,-0.14,0.14
CA-001,"Alameda County",193007,0.0,1,-0.01,0.01
CA-001,"Alameda County",193008,0.03,103,0.0,0.03
CA-001,"Alameda County",193009,0.2,90,-0.02,0.22
CA-001,"Alameda County",193010,0.56,59,-0.36,0.92
CA-001,"Alameda County",193011,1.4,53,-0.71,2.11
CA-001,"Alameda County",193012,0.33,4,-2.89,3.22
CA-001,"Alameda County",193101,4.1,83,0.13,3.97
CA-001,"Alameda County",193102,1.55,39,-1.79,3.34
CA-001,"Alameda County",193103,1.02,22,-1.85,2.87
CA-001,"Alameda County",193104,0.45,31,-0.89,1.34
CA-001,"Alameda County",193105,1.25,114,0.67,0.58
CA-001,"Alameda County",193106,0.36,115,0.22,0.14
CA-001,"Alameda County",193107,0.0,1,-0.01,0.01
CA-001,"Alameda County",193108,0.0,1,-0.03,0.03
CA-001,"Alameda County",193109,0.0,1,-0.22,0.22
CA-001,"Alameda County",193110,0.49,53,-0.42,0.91
CA-001,"Alameda County",193111,2.35,79,0.24,2.11
CA-001,"Alameda County",193112,7.72,121,4.5,3.22
CA-001,"Alameda County",193201,2.09,42,-1.88,3.97
CA-001,"Alameda County",193202,3.42,75,0.08,3.34
CA-001,"Alameda County",193203,0.48,14,-2.39,2.87
CA-001,"Alameda County",193204,0.56,44,-0.78,1.34
CA-001,"Alameda County",193205,0.45,68,-0.13,0.58
CA-001,"Alameda County",193206,0.01,46,-0.13,0.14
CA-001,"Alameda County",193207,0.0,1,-0.01,0.01
CA-001,"Alameda County",193208,0.0,1,-0.03,0.03
CA-001,"Alameda County",193209,0.0,1,-0.22,0.22
CA-001,"Alameda County",193210,0.02,13,-0.9,0.92
CA-001,"Alameda County",193211,0.58,27,-1.53,2.11
CA-001,"Alameda County",193212,2.57,61,-0.65,3.22
CA-001,"Alameda County",193301,5.33,96,1.36,3.97
CA-001,"Alameda County",193302,0.6,16,-2.74,3.34
CA-001,"Alameda County",193303,2.54,64,-0.33,2.87
CA-001,"Alameda County",193304,0.14,7,-1.2,1.34
CA-001,"Alameda County",193305,1.07,107,0.49,0.58
CA-001,"Alameda County",193306,0.03,61,-0.11,0.14
CA-001,"Alameda County",193307,0.0,1,-0.01,0.01
CA-001,"Alameda County",193308,0.0,1,-0.03,0.03
CA-001,"Alameda County",193309,0.03,54,-0.19,0.22
CA-001,"Alameda County",193310,1.33,93,0.42,0.91
CA-001,"Alameda County",193311,0.0,1,-2.11,2.11
CA-001,"Alameda County",193312,4.7,95,1.48,3.22
CA-001,"Alameda County",193401,1.24,25,-2.73,3.97
CA-001,"Alameda County",193402,3.6,78,0.26,3.34
CA-001,"Alameda County",193403,0.02,1,-2.85,2.87
CA-001,"Alameda County",193404,0.31,23,-1.03,1.34
CA-001,"Alameda County",193405,0.91,101,0.33,0.58
CA-001,"Alameda County",193406,0.63,121,0.49,0.14
CA-001,"Alameda County",193407,0.0,1,-0.01,0.01
CA-001,"Alameda County",193408,0.0,1,-0.03,0.03
CA-001,"Alameda County",193409,0.31,100,0.09,0.22
CA-001,"Alameda County",193410,0.79,73,-0.12,0.91
CA-001,"Alameda County",193411,3.23,98,1.12,2.11
CA-001,"Alameda County",193412,3.3,73,0.08,3.22
CA-001,"Alameda County",193501,4.75,91,0.78,3.97
CA-001,"Alameda County",193502,1.02,26,-2.32,3.34
CA-001,"Alameda County",193503,3.71,92,0.84,2.87
CA-001,"Alameda County",193504,4.13,123,2.79,1.34
CA-001,"Alameda County",193505,0.0,1,-0.58,0.58
CA-001,"Alameda County",193506,0.0,1,-0.14,0.14
CA-001,"Alameda County",193507,0.0,1,-0.01,0.01
CA-001,"Alameda County",193508,0.17,120,0.14,0.03
CA-001,"Alameda County",193509,0.01,33,-0.21,0.22
CA-001,"Alameda County",193510,1.07,81,0.16,0.91
CA-001,"Alameda County",193511,0.49,22,-1.62,2.11
CA-001,"Alameda County",193512,1.96,44,-1.26,3.22
CA-001,"Alameda County",193601,3.79,77,-0.18,3.97
CA-001,"Alameda County",193602,8.1,125,4.76,3.34
CA-001,"Alameda County",193603,1.01,21,-1.86,2.87
CA-001,"Alameda County",193604,1.35,74,0.01,1.34
CA-001,"Alameda County",193605,0.7,88,0.12,0.58
CA-001,"Alameda County",193606,0.29,106,0.15,0.14
CA-001,"Alameda County",193607,0.02,114,0.01,0.01
CA-001,"Alameda County",193608,0.0,1,-0.03,0.03
CA-001,"Alameda County",193609,0.0,1,-0.22,0.22
CA-001,"Alameda County",193610,0.63,64,-0.28,0.91
CA-001,"Alameda County",193611,0.02,4,-2.09,2.11
CA-001,"Alameda County",193612,4.04,89,0.82,3.22
CA-001,"Alameda County",193701,4.09,82,0.12,3.97
CA-001,"Alameda County",193702,5.03,98,1.69,3.34
CA-001,"Alameda County",193703,6.85,121,3.98,2.87
CA-001,"Alameda County",193704,0.87,54,-0.47,1.34
CA-001,"Alameda County",193705,0.11,40,-0.47,0.58
CA-001,"Alameda County",193706,0.34,113,0.2,0.14
CA-001,"Alameda County",193707,0.0,1,-0.01,0.01
CA-001,"Alameda County",193708,0.0,1,-0.03,0.03
CA-001,"Alameda County",193709,0.0,1,-0.22,0.22
CA-001,"Alameda County",193710,0.79,73,-0.12,0.91
CA-001,"Alameda County",193711,2.74,92,0.63,2.11
CA-001,"Alameda County",193712,4.94,97,1.72,3.22
CA-001,"Alameda County",193801,3.36,68,-0.61,3.97
CA-001,"Alameda County",193802,7.85,124,4.51,3.34
CA-001,"Alameda County",193803,5.46,113,2.59,2.87
CA-001,"Alameda County",193804,1.43,77,0.09,1.34
CA-001,"Alameda County",193805,0.02,18,-0.56,0.58
CA-001,"Alameda County",193806,0.0,1,-0.14,0.14
CA-001,"Alameda County",193807,0.0,1,-0.01,0.01
CA-001,"Alameda County",193808,0.0,1,-0.03,0.03
CA-001,"Alameda County",193809,0.09,71,-0.13,0.22
CA-001,"Alameda County",193810,1.27,89,0.36,0.91
CA-001,"Alameda County",193811,1.31,50,-0.8,2.11
CA-001,"Alameda County",193812,1.21,23,-2.01,3.22
CA-001,"Alameda County",193901,2.83,52,-1.14,3.97
CA-001,"Alameda County",193902,1.83,49,-1.51,3.34
CA-001,"Alameda County",193903,2.63,69,-0.24,2.87
CA-001,"Alameda County",193904,0.54,41,-0.8,1.34
CA-001,"Alameda County",193905,0.5,74,-0.08,0.58
CA-001,"Alameda County",193906,0.0,1,-0.14,0.14
CA-001,"Alameda County",193907,0.0,1,-0.01,0.01
CA-001,"Alameda County",193908,0.0,1,-0.03,0.03
CA-001,"Alameda County",193909,0.4,105,0.18,0.22
CA-001,"Alameda County",193910,1.06,78,0.14,0.92
CA-001,"Alameda County",193911,0.24,11,-1.87,2.11
CA-001,"Alameda County",193912,0.99,18,-2.23,3.22
CA-001,"Alameda County",194001,8.95,122,4.98,3.97
CA-001,"Alameda County",194002,7.26,119,3.92,3.34
CA-001,"Alameda County",194003,4.04,96,1.17,2.87
CA-001,"Alameda County",194004,0.53,40,-0.81,1.34
CA-001,"Alameda County",194005,0.36,60,-0.22,0.58
CA-001,"Alameda County",194006,0.0,1,-0.14,0.14
CA-001,"Alameda County",194007,0.0,1,-0.01,0.01
CA-001,"Alameda County",194008,0.01,87,-0.02,0.03
CA-001,"Alameda County",194009,0.29,99,0.07,0.22
CA-001,"Alameda County",194010,0.7,67,-0.22,0.92
CA-001,"Alameda County",194011,0.87,38,-1.24,2.11
CA-001,"Alameda County",194012,6.7,114,3.48,3.22
CA-001,"Alameda County",194101,5.03,94,1.06,3.97
CA-001,"Alameda County",194102,5.64,107,2.3,3.34
CA-001,"Alameda County",194103,3.63,90,0.76,2.87
CA-001,"Alameda County",194104,3.9,119,2.56,1.34
CA-001,"Alameda County",194105,0.61,79,0.03,0.58
CA-001,"Alameda County",194106,0.03,61,-0.11,0.14
CA-001,"Alameda County",194107,0.01,103,0.0,0.01
CA-001,"Alameda County",194108,0.02,96,-0.01,0.03
CA-001,"Alameda County",194109,0.0,1,-0.22,0.22
CA-001,"Alameda County",194110,0.89,74,-0.02,0.91
CA-001,"Alameda County",194111,1.25,49,-0.86,2.11
CA-001,"Alameda County",194112,6.97,118,3.75,3.22
CA-001,"Alameda County",194201,4.81,92,0.84,3.97
CA-001,"Alameda County",194202,2.5,64,-0.84,3.34
CA-001,"Alameda County",194203,2.22,57,-0.65,2.87
CA-001,"Alameda County",194204,3.82,118,2.48,1.34
CA-001,"Alameda County",194205,1.4,117,0.82,0.58
CA-001,"Alameda County",194206,0.0,1,-0.14,0.14
CA-001,"Alameda County",194207,0.0,1,-0.01,0.01
CA-001,"Alameda County",194208,0.0,1,-0.03,0.03
CA-001,"Alameda County",194209,0.14,81,-0.08,0.22
CA-001,"Alameda County",194210,1.21,85,0.3,0.91
CA-001,"Alameda County",194211,3.49,105,1.38,2.11
CA-001,"Alameda County",194212,2.34,58,-0.88,3.22
CA-001,"Alameda County",194301,5.67,100,1.7,3.97
CA-001,"Alameda County",194302,2.09,54,-1.25,3.34
CA-001,"Alameda County",194303,3.16,82,0.29,2.87
CA-001,"Alameda County",194304,1.56,83,0.22,1.34
CA-001,"Alameda County",194305,0.01,9,-0.57,0.58
CA-001,"Alameda County",194306,0.07,78,-0.07,0.14
CA-001,"Alameda County",194307,0.0,1,-0.01,0.01
CA-001,"Alameda County",194308,0.0,1,-0.03,0.03
CA-001,"Alameda County",194309,0.0,1,-0.22,0.22
CA-001,"Alameda County",194310,0.48,52,-0.44,0.92
CA-001,"Alameda County",194311,0.79,36,-1.32,2.11
CA-001,"Alameda County",194312,1.81,39,-1.41,3.22
CA-001,"Alameda County",194401,2.96,59,-1.01,3.97
CA-001,"Alameda County",194402,6.0,111,2.66,3.34
CA-001,"Alameda County",194403,1.12,23,-1.75,2.87
CA-001,"Alameda County",194404,1.44,78,0.1,1.34
CA-001,"Alameda County",194405,0.79,94,0.21,0.58
CA-001,"Alameda County",194406,0.14,90,0.0,0.14
CA-001,"Alameda County",194407,0.0,1,-0.01,0.01
CA-001,"Alameda County",194408,0.0,1,-0.03,0.03
CA-001,"Alameda County",194409,0.0,1,-0.22,0.22
CA-001,"Alameda County",194410,1.5,97,0.58,0.92
CA-001,"Alameda County",194411,4.65,114,2.54,2.11
CA-001,"Alameda County",194412,2.88,68,-0.34,3.22
CA-001,"Alameda County",194501,0.81,11,-3.16,3.97
CA-001,"Alameda County",194502,4.33,90,0.99,3.34
CA-001,"Alameda County",194503,3.75,93,0.88,2.87
CA-001,"Alameda County",194504,0.29,20,-1.05,1.34
CA-001,"Alameda County",194505,0.51,75,-0.07,0.58
CA-001,"Alameda County",194506,0.02,58,-0.12,0.14
CA-001,"Alameda County",194507,0.01,103,0.0,0.01
CA-001,"Alameda County",194508,0.01,87,-0.02,0.03
CA-001,"Alameda County",194509,0.01,33,-0.21,0.22
CA-001,"Alameda County",194510,1.85,105,0.94,0.91
CA-001,"Alameda County",194511,2.47,83,0.36,2.11
CA-001,"Alameda County",194512,5.29,100,2.07,3.22
CA-001,"Alameda County",194601,1.17,22,-2.8,3.97
CA-001,"Alameda County",194602,1.76,45,-1.58,3.34
CA-001,"Alameda County",194603,2.06,54,-0.81,2.87
CA-001,"Alameda County",194604,0.06,3,-1.28,1.34
CA-001,"Alameda County",194605,0.79,94,0.21,0.58
CA-001,"Alameda County",194606,0.0,1,-0.14,0.14
CA-001,"Alameda County",194607,0.05,121,0.04,0.01
CA-001,"Alameda County",194608,0.0,1,-0.03,0.03
CA-001,"Alameda County",194609,0.05,61,-0.17,0.22
CA-001,"Alameda County",194610,0.12,27,-0.8,0.92
CA-001,"Alameda County",194611,3.45,104,1.34,2.11
CA-001,"Alameda County",194612,2.61,65,-0.61,3.22
CA-001,"Alameda County",194701,0.82,13,-3.15,3.97
CA-001,"Alameda County",194702,1.76,45,-1.58,3.34
CA-001,"Alameda County",194703,2.87,79,0.0,2.87
CA-001,"Alameda County",194704,0.4,28,-0.94,1.34
CA-001,"Alameda County",194705,0.37,61,-0.21,0.58
CA-001,"Alameda County",194706,0.49,118,0.35,0.14
CA-001,"Alameda County",194707,0.0,1,-0.01,0.01
CA-001,"Alameda County",194708,0.0,1,-0.03,0.03
CA-001,"Alameda County",194709,0.0,1,-0.22,0.22
CA-001,"Alameda County",194710,2.71,120,1.8,0.91
CA-001,"Alameda County",194711,1.12,45,-0.99,2.11
CA-001,"Alameda County",194712,0.94,16,-2.28,3.22
CA-001,"Alameda County",194801,0.53,8,-3.44,3.97
CA-001,"Alameda County",194802,1.53,35,-1.81,3.34
CA-001,"Alameda County",194803,3.29,85,0.42,2.87
CA-001,"Alameda County",194804,3.48,116,2.14,1.34
CA-001,"Alameda County",194805,1.16,108,0.58,0.58
CA-001,"Alameda County",194806,0.16,94,0.02,0.14
CA-001,"Alameda County",194807,0.02,114,0.01,0.01
CA-001,"Alameda County",194808,0.0,1,-0.03,0.03
CA-001,"Alameda County",194809,0.02,48,-0.2,0.22
CA-001,"Alameda County",194810,0.55,57,-0.36,0.91
CA-001,"Alameda County",194811,0.44,18,-1.67,2.11
CA-001,"Alameda County",194812,3.84,85,0.62,3.22
CA-001,"Alameda County",194901,1.54,34,-2.43,3.97
CA-001,"Alameda County",194902,2.68,68,-0.66,3.34
CA-001,"Alameda County",194903,4.64,107,1.77,2.87
CA-001,"Alameda County",194904,0.01,2,-1.33,1.34
CA-001,"Alameda County",194905,0.47,71,-0.11,0.58
CA-001,"Alameda County",194906,0.0,1,-0.14,0.14
CA-001,"Alameda County",194907,0.04,119,0.03,0.01
CA-001,"Alameda County",194908,0.13,116,0.1,0.03
CA-001,"Alameda County",194909,0.05,61,-0.17,0.22
CA-001,"Alameda County",194910,0.14,29,-0.78,0.92
CA-001,"Alameda County",194911,1.44,55,-0.67,2.11
CA-001,"Alameda County",194912,1.85,42,-1.37,3.22
CA-001,"Alameda County",195001,6.2,106,2.23,3.97
CA-001,"Alameda County",195002,1.98,53,-1.36,3.34
CA-001,"Alameda County",195003,1.86,47,-1.01,2.87
CA-001,"Alameda County",195004,1.14,68,-0.2,1.34
CA-001,"Alameda County",195005,0.47,71,-0.11,0.58
CA-001,"Alameda County",195006,0.02,58,-0.12,0.14
CA-001,"Alameda County",195007,0.01,103,0.0,0.01
CA-001,"Alameda County",195008,0.0,1,-0.03,0.03
CA-001,"Alameda County",195009,0.08,69,-0.14,0.22
CA-001,"Alameda County",195010,2.15,114,1.24,0.91
CA-001,"Alameda County",195011,5.76,120,3.65,2.11
CA-001,"Alameda County",195012,5.75,104,2.53,3.22
CA-001,"Alameda County",195101,3.23,66,-0.74,3.97
CA-001,"Alameda County",195102,2.26,58,-1.08,3.34
CA-001,"Alameda County",195103,1.72,40,-1.15,2.87
CA-001,"Alameda County",195104,0.87,54,-0.47,1.34
CA-001,"Alameda County",195105,0.66,85,0.08,0.58
CA-001,"Alameda County",195106,0.03,61,-0.11,0.14
CA-001,"Alameda County",195107,0.0,1,-0.01,0.01
CA-001,"Alameda County",195108,0.09,111,0.06,0.03
CA-001,"Alameda County",195109,0.03,54,-0.19,0.22
CA-001,"Alameda County",195110,1.07,81,0.16,0.91
CA-001,"Alameda County",195111,3.39,102,1.28,2.11
CA-001,"Alameda County",195112,7.41,120,4.19,3.22
CA-001,"Alameda County",195201,7.9,116,3.93,3.97
CA-001,"Alameda County",195202,1.82,48,-1.52,3.34
CA-001,"Alameda County",195203,4.03,95,1.16,2.87
CA-001,"Alameda County",195204,1.82,97,0.48,1.34
CA-001,"Alameda County",195205,0.17,46,-0.41,0.58
CA-001,"Alameda County",195206,0.24,100,0.1,0.14
CA-001,"Alameda County",195207,0.01,103,0.0,0.01
CA-001,"Alameda County",195208,0.0,1,-0.03,0.03
CA-001,"Alameda County",195209,0.04,59,-0.18,0.22
CA-001,"Alameda County",195210,0.04,16,-0.88,0.92
CA-001,"Alameda County",195211,2.36,81,0.25,2.11
CA-001,"Alameda County",195212,7.76,123,4.54,3.22
CA-001,"Alameda County",195301,2.56,48,-1.41,3.97
CA-001,"Alameda County",195302,0.02,2,-3.32,3.34
CA-001,"Alameda County",195303,1.72,40,-1.15,2.87
CA-001,"Alameda County",195304,2.12,104,0.78,1.34
CA-001,"Alameda County",195305,0.59,77,0.01,0.58
CA-001,"Alameda County",195306,0.37,116,0.23,0.14
CA-001,"Alameda County",195307,0.0,1,-0.01,0.01
CA-001,"Alameda County",195308,0.15,117,0.12,0.03
CA-001,"Alameda County",195309,0.0,1,-0.22,0.22
CA-001,"Alameda County",195310,0.34,42,-0.58,0.92
CA-001,"Alameda County",195311,1.96,69,-0.15,2.11
CA-001,"Alameda County",195312,0.75,12,-2.47,3.22
CA-001,"Alameda County",195401,2.96,59,-1.01,3.97
CA-001,"Alameda County",195402,2.43,61,-0.91,3.34
CA-001,"Alameda County",195403,3.61,89,0.74,2.87
CA-001,"Alameda County",195404,1.31,73,-0.03,1.34
CA-001,"Alameda County",195405,0.23,52,-0.35,0.58
CA-001,"Alameda County",195406,0.32,111,0.18,0.14
CA-001,"Alameda County",195407,0.01,103,0.0,0.01
CA-001,"Alameda County",195408,0.07,109,0.04,0.03
CA-001,"Alameda County",195409,0.01,33,-0.21,0.22
CA-001,"Alameda County",195410,0.06,19,-0.86,0.92
CA-001,"Alameda County",195411,2.2,77,0.09,2.11
CA-001,"Alameda County",195412,4.19,91,0.97,3.22
CA-001,"Alameda County",195501,4.01,81,0.04,3.97
CA-001,"Alameda County",195502,1.63,42,-1.71,3.34
CA-001,"Alameda County",195503,0.5,16,-2.37,2.87
CA-001,"Alameda County",195504,1.86,100,0.52,1.34
CA-001,"Alameda County",195505,0.61,79,0.03,0.58
CA-001,"Alameda County",195506,0.0,1,-0.14,0.14
CA-001,"Alameda County",195507,0.01,103,0.0,0.01
CA-001,"Alameda County",195508,0.0,1,-0.03,0.03
CA-001,"Alameda County",195509,0.03,54,-0.19,0.22
CA-001,"Alameda County",195510,0.06,19,-0.86,0.92
CA-001,"Alameda County",195511,1.73,63,-0.38,2.11
CA-001,"Alameda County",195512,12.08,127,8.86,3.22
CA-001,"Alameda County",195601,6.62,108,2.65,3.97
CA-001,"Alameda County",195602,1.9,50,-1.44,3.34
CA-001,"Alameda County",195603,0.1,2,-2.77,2.87
CA-001,"Alameda County",195604,1.8,95,0.46,1.34
CA-001,"Alameda County",195605,0.89,100,0.31,0.58
CA-001,"Alameda County",195606,0.01,46,-0.13,0.14
CA-001,"Alameda County",195607,0.01,103,0.0,0.01
CA-001,"Alameda County",195608,0.01,87,-0.02,0.03
CA-001,"Alameda County",195609,0.5,108,0.28,0.22
CA-001,"Alameda County",195610,1.26,88,0.34,0.92
CA-001,"Alameda County",195611,0.03,5,-2.08,2.11
CA-001,"Alameda County",195612,0.43,8,-2.79,3.22
CA-001,"Alameda County",195701,2.91,56,-1.06,3.97
CA-001,"Alameda County",195702,3.5,77,0.16,3.34
CA-001,"Alameda County",195703,1.99,52,-0.88,2.87
CA-001,"Alameda County",195704,1.41,76,0.07,1.34
CA-001,"Alameda County",195705,2.84,125,2.26,0.58
CA-001,"Alameda County",195706,0.06,74,-0.08,0.14
CA-001,"Alameda County",195707,0.0,1,-0.01,0.01
CA-001,"Alameda County",195708,0.0,1,-0.03,0.03
CA-001,"Alameda County",195709,0.61,110,0.39,0.22
CA-001,"Alameda County",195710,2.12,112,1.2,0.92
CA-001,"Alameda County",195711,0.59,28,-1.52,2.11
CA-001,"Alameda County",195712,3.45,74,0.23,3.22
CA-001,"Alameda County",195801,4.61,89,0.64,3.97
CA-001,"Alameda County",195802,7.6,123,4.26,3.34
CA-001,"Alameda County",195803,6.26,117,3.39,2.87
CA-001,"Alameda County",195804,5.44,127,4.1,1.34
CA-001,"Alameda County",195805,0.65,84,0.07,0.58
CA-001,"Alameda County",195806,0.34,113,0.2,0.14
CA-001,"Alameda County",195807,0.02,114,0.01,0.01
CA-001,"Alameda County",195808,0.03,103,0.0,0.03
CA-001,"Alameda County",195809,0.09,71,-0.13,0.22
CA-001,"Alameda County",195810,0.1,26,-0.82,0.92
CA-001,"Alameda County",195811,0.18,9,-1.93,2.11
CA-001,"Alameda County",195812,1.02,19,-2.2,3.22
CA-001,"Alameda County",195901,3.85,79,-0.12,3.97
CA-001,"Alameda County",195902,4.55,93,1.21,3.34
CA-001,"Alameda County",195903,0.34,11,-2.53,2.87
CA-001,"Alameda County",195904,0.36,27,-0.98,1.34
CA-001,"Alameda County",195905,0.02,18,-0.56,0.58
CA-001,"Alameda County",195906,0.0,1,-0.14,0.14
CA-001,"Alameda County",195907,0.0,1,-0.01,0.01
CA-001,"Alameda County",195908,0.03,103,0.0,0.03
CA-001,"Alameda County",195909,1.23,125,1.01,0.22
CA-001,"Alameda County",195910,0.01,7,-0.9,0.91
CA-001,"Alameda County",195911,0.0,1,-2.11,2.11
CA-001,"Alameda County",195912,1.24,25,-1.98,3.22
CA-001,"Alameda County",196001,3.62,72,-0.35,3.97
CA-001,"Alameda County",196002,3.99,85,0.65,3.34
CA-001,"Alameda County",196003,1.36,32,-1.51,2.87
CA-001,"Alameda County",196004,0.94,58,-0.4,1.34
CA-001,"Alameda County",196005,0.68,87,0.1,0.58
CA-001,"Alameda County",196006,0.0,1,-0.14,0.14
CA-001,"Alameda County",196007,0.02,114,0.01,0.01
CA-001,"Alameda County",196008,0.0,1,-0.03,0.03
CA-001,"Alameda County",196009,0.01,33,-0.21,0.22
CA-001,"Alameda County",196010,0.19,32,-0.72,0.91
CA-001,"Alameda County",196011,3.84,109,1.73,2.11
CA-001,"Alameda County",196012,1.08,21,-2.14,3.22
CA-001,"Alameda County",196101,2.32,44,-1.65,3.97
CA-001,"Alameda County",196102,1.0,25,-2.34,3.34
CA-001,"Alameda County",196103,2.46,60,-0.41,2.87
CA-001,"Alameda County",196104,1.08,64,-0.26,1.34
CA-001,"Alameda County",196105,0.72,92,0.14,0.58
CA-001,"Alameda County",196106,0.06,74,-0.08,0.14
CA-001,"Alameda County",196107,0.0,1,-0.01,0.01
CA-001,"Alameda County",196108,0.11,115,0.08,0.03
CA-001,"Alameda County",196109,0.33,102,0.11,0.22
CA-001,"Alameda County",196110,0.12,27,-0.8,0.92
CA-001,"Alameda County",196111,3.29,99,1.18,2.11
CA-001,"Alameda County",196112,1.7,36,-1.52,3.22
CA-001,"Alameda County",196201,1.26,26,-2.71,3.97
CA-001,"Alameda County",196202,7.46,121,4.12,3.34
CA-001,"Alameda County",196203,2.42,59,-0.45,2.87
CA-001,"Alameda County",196204,0.28,18,-1.06,1.34
CA-001,"Alameda County",196205,0.02,18,-0.56,0.58
CA-001,"Alameda County",196206,0.0,1,-0.14,0.14
CA-001,"Alameda County",196207,0.0,1,-0.01,0.01
CA-001,"Alameda County",196208,0.06,107,0.03,0.03
CA-001,"Alameda County",196209,0.06,65,-0.16,0.22
CA-001,"Alameda County",196210,4.87,126,3.96,0.91
CA-001,"Alameda County",196211,0.48,20,-1.63,2.11
CA-001,"Alameda County",196212,2.27,53,-0.95,3.22
CA-001,"Alameda County",196301,3.15,62,-0.82,3.97
CA-001,"Alameda County",196302,3.76,79,0.42,3.34
CA-001,"Alameda County",196303,3.45,88,0.58,2.87
CA-001,"Alameda County",196304,4.25,125,2.91,1.34
CA-001,"Alameda County",196305,0.64,83,0.06,0.58
CA-001,"Alameda County",196306,0.04,70,-0.1,0.14
CA-001,"Alameda County",196307,0.0,1,-0.01,0.01
CA-001,"Alameda County",196308,0.01,87,-0.02,0.03
CA-001,"Alameda County",196309,0.27,97,0.05,0.22
CA-001,"Alameda County",196310,1.41,95,0.5,0.91
CA-001,"Alameda County",196311,3.79,108,1.68,2.11
CA-001,"Alameda County",196312,0.36,6,-2.86,3.22
CA-001,"Alameda County",196401,3.68,74,-0.29,3.97
CA-001,"Alameda County",196402,0.15,3,-3.19,3.34
CA-001,"Alameda County",196403,1.57,37,-1.3,2.87
CA-001,"Alameda County",196404,0.26,15,-1.08,1.34
CA-001,"Alameda County",196405,0.47,71,-0.11,0.58
CA-001,"Alameda County",196406,0.57,119,0.43,0.14
CA-001,"Alameda County",196407,0.01,103,0.0,0.01
CA-001,"Alameda County",196408,0.11,115,0.08,0.03
CA-001,"Alameda County",196409,0.01,33,-0.21,0.22
CA-001,"Alameda County",196410,1.25,86,0.34,0.91
CA-001,"Alameda County",196411,3.32,100,1.21,2.11
CA-001,"Alameda County",196412,6.27,111,3.05,3.22
CA-001,"Alameda County",196501,3.4,69,-0.57,3.97
CA-001,"Alameda County",196502,0.76,17,-2.58,3.34
CA-001,"Alameda County",196503,1.8,44,-1.07,2.87
CA-001,"Alameda County",196504,3.2,114,1.86,1.34
CA-001,"Alameda County",196505,0.01,9,-0.57,0.58
CA-001,"Alameda County",196506,0.0,1,-0.14,0.14
CA-001,"Alameda County",196507,0.02,114,0.01,0.01
CA-001,"Alameda County",196508,0.19,121,0.16,0.03
CA-001,"Alameda County",196509,0.01,33,-0.21,0.22
CA-001,"Alameda County",196510,0.07,21,-0.84,0.91
CA-001,"Alameda County",196511,5.03,118,2.92,2.11
CA-001,"Alameda County",196512,3.59,81,0.37,3.22
CA-001,"Alameda County",196601,2.06,40,-1.91,3.97
CA-001,"Alameda County",196602,1.95,51,-1.39,3.34
CA-001,"Alameda County",196603,0.41,13,-2.46,2.87
CA-001,"Alameda County",196604,0.49,34,-0.85,1.34
CA-001,"Alameda County",196605,0.21,50,-0.37,0.58
CA-001,"Alameda County",196606,0.07,78,-0.07,0.14
CA-001,"Alameda County",196607,0.06,126,0.05,0.01
CA-001,"Alameda County",196608,0.1,113,0.07,0.03
CA-001,"Alameda County",196609,0.15,84,-0.07,0.22
CA-001,"Alameda County",196610,0.0,1,-0.92,0.92
CA-001,"Alameda County",196611,4.32,113,2.21,2.11
CA-001,"Alameda County",196612,3.25,71,0.03,3.22
CA-001,"Alameda County",196701,8.09,118,4.12,3.97
CA-001,"Alameda County",196702,0.28,7,-3.06,3.34
CA-001,"Alameda County",196703,4.98,108,2.11,2.87
CA-001,"Alameda County",196704,4.96,126,3.62,1.34
CA-001,"Alameda County",196705,0.19,48,-0.39,0.58
CA-001,"Alameda County",196706,0.61,120,0.47,0.14
CA-001,"Alameda County",196707,0.0,1,-0.01,0.01
CA-001,"Alameda County",196708,0.0,1,-0.03,0.03
CA-001,"Alameda County",196709,0.03,54,-0.19,0.22
CA-001,"Alameda County",196710,0.4,48,-0.52,0.92
CA-001,"Alameda County",196711,1.22,48,-0.89,2.11
CA-001,"Alameda County",196712,2.3,55,-0.92,3.22
CA-001,"Alameda County",196801,4.9,93,0.93,3.97
CA-001,"Alameda County",196802,1.69,44,-1.65,3.34
CA-001,"Alameda County",196803,2.81,76,-0.06,2.87
CA-001,"Alameda County",196804,0.55,42,-0.79,1.34
CA-001,"Alameda County",196805,0.29,56,-0.29,0.58
CA-001,"Alameda County",196806,0.0,1,-0.14,0.14
CA-001,"Alameda County",196807,0.0,1,-0.01,0.01
CA-001,"Alameda County",196808,0.17,120,0.14,0.03
CA-001,"Alameda County",196809,0.01,33,-0.21,0.22
CA-001,"Alameda County",196810,0.53,54,-0.38,0.91
CA-001,"Alameda County",196811,2.71,91,0.6,2.11
CA-001,"Alameda County",196812,3.78,84,0.56,3.22
CA-001,"Alameda County",196901,7.94,117,3.97,3.97
CA-001,"Alameda County",196902,6.95,116,3.61,3.34
CA-001,"Alameda County",196903,1.31,28,-1.56,2.87
CA-001,"Alameda County",196904,1.72,88,0.38,1.34
CA-001,"Alameda County",196905,0.03,25,-0.55,0.58
CA-001,"Alameda County",196906,0.04,70,-0.1,0.14
CA-001,"Alameda County",196907,0.0,1,-0.01,0.01
CA-001,"Alameda County",196908,0.0,1,-0.03,0.03
CA-001,"Alameda County",196909,0.08,69,-0.14,0.22
CA-001,"Alameda County",196910,1.5,97,0.58,0.92
CA-001,"Alameda County",196911,0.72,31,-1.39,2.11
CA-001,"Alameda County",196912,4.24,92,1.02,3.22
CA-001,"Alameda County",197001,7.36,112,3.39,3.97
CA-001,"Alameda County",197002,1.61,41,-1.73,3.34
CA-001,"Alameda County",197003,1.65,39,-1.22,2.87
CA-001,"Alameda County",197004,0.29,20,-1.05,1.34
CA-001,"Alameda County",197005,0.03,25,-0.55,0.58
CA-001,"Alameda County",197006,0.32,111,0.18,0.14
CA-001,"Alameda County",197007,0.0,1,-0.01,0.01
CA-001,"Alameda County",197008,0.0,1,-0.03,0.03
CA-001,"Alameda County",197009,0.0,1,-0.22,0.22
CA-001,"Alameda County",197010,0.67,66,-0.24,0.91
CA-001,"Alameda County",197011,6.67,127,4.56,2.11
CA-001,"Alameda County",197012,6.08,108,2.86,3.22
CA-001,"Alameda County",197101,1.34,30,-2.63,3.97
CA-001,"Alameda County",197102,0.46,11,-2.88,3.34
CA-001,"Alameda County",197103,2.47,61,-0.4,2.87
CA-001,"Alameda County",197104,1.15,70,-0.19,1.34
CA-001,"Alameda County",197105,0.48,72,-0.1,0.58
CA-001,"Alameda County",197106,0.0,1,-0.14,0.14
CA-001,"Alameda County",197107,0.0,1,-0.01,0.01
CA-001,"Alameda County",197108,0.03,103,0.0,0.03
CA-001,"Alameda County",197109,0.22,94,0.0,0.22
CA-001,"Alameda County",197110,0.08,22,-0.84,0.92
CA-001,"Alameda County",197111,1.11,44,-1.0,2.11
CA-001,"Alameda County",197112,4.04,89,0.82,3.22
CA-001,"Alameda County",197201,1.09,18,-2.88,3.97
CA-001,"Alameda County",197202,1.34,31,-2.0,3.34
CA-001,"Alameda County",197203,0.15,3,-2.72,2.87
CA-001,"Alameda County",197204,1.02,60,-0.32,1.34
CA-001,"Alameda County",197205,0.03,25,-0.55,0.58
CA-001,"Alameda County",197206,0.16,94,0.02,0.14
CA-001,"Alameda County",197207,0.0,1,-0.01,0.01
CA-001,"Alameda County",197208,0.0,1,-0.03,0.03
CA-001,"Alameda County",197209,0.69,115,0.47,0.22
CA-001,"Alameda County",197210,3.31,122,2.4,0.91
CA-001,"Alameda County",197211,5.87,122,3.76,2.11
CA-001,"Alameda County",197212,2.27,53,-0.95,3.22
CA-001,"Alameda County",197301,7.24,111,3.27,3.97
CA-001,"Alameda County",197302,5.95,110,2.61,3.34
CA-001,"Alameda County",197303,2.69,71,-0.18,2.87
CA-001,"Alameda County",197304,0.2,11,-1.14,1.34
CA-001,"Alameda County",197305,0.02,18,-0.56,0.58
CA-001,"Alameda County",197306,0.0,1,-0.14,0.14
CA-001,"Alameda County",197307,0.0,1,-0.01,0.01
CA-001,"Alameda County",197308,0.0,1,-0.03,0.03
CA-001,"Alameda County",197309,0.26,95,0.04,0.22
CA-001,"Alameda County",197310,2.02,108,1.1,0.92
CA-001,"Alameda County",197311,5.97,124,3.86,2.11
CA-001,"Alameda County",197312,4.4,94,1.18,3.22
CA-001,"Alameda County",197401,2.8,51,-1.17,3.97
CA-001,"Alameda County",197402,1.13,27,-2.21,3.34
CA-001,"Alameda County",197403,4.58,106,1.71,2.87
CA-001,"Alameda County",197404,2.43,107,1.09,1.34
CA-001,"Alameda County",197405,0.01,9,-0.57,0.58
CA-001,"Alameda County",197406,0.12,86,-0.02,0.14
CA-001,"Alameda County",197407,0.06,126,0.05,0.01
CA-001,"Alameda County",197408,0.0,1,-0.03,0.03
CA-001,"Alameda County",197409,0.0,1,-0.22,0.22
CA-001,"Alameda County",197410,1.15,84,0.24,0.91
CA-001,"Alameda County",197411,0.71,30,-1.4,2.11
CA-001,"Alameda County",197412,2.26,51,-0.96,3.22
CA-001,"Alameda County",197501,1.36,31,-2.61,3.97
CA-001,"Alameda County",197502,4.41,92,1.07,3.34
CA-001,"Alameda County",197503,5.52,114,2.65,2.87
CA-001,"Alameda County",197504,1.82,97,0.48,1.34
CA-001,"Alameda County",197505,0.01,9,-0.57,0.58
CA-001,"Alameda County",197506,0.05,72,-0.09,0.14
CA-001,"Alameda County",197507,0.06,126,0.05,0.01
CA-001,"Alameda County",197508,0.2,123,0.17,0.03
CA-001,"Alameda County",197509,0.01,33,-0.21,0.22
CA-001,"Alameda County",197510,2.43,117,1.52,0.91
CA-001,"Alameda County",197511,0.39,16,-1.72,2.11
CA-001,"Alameda County",197512,0.33,4,-2.89,3.22
CA-001,"Alameda County",197601,0.28,4,-3.69,3.97
CA-001,"Alameda County",197602,1.52,34,-1.82,3.34
CA-001,"Alameda County",197603,1.22,27,-1.65,2.87
CA-001,"Alameda County",197604,0.91,56,-0.43,1.34
CA-001,"Alameda County",197605,0.01,9,-0.57,0.58
CA-001,"Alameda County",197606,0.09,82,-0.05,0.14
CA-001,"Alameda County",197607,0.01,103,0.0,0.01
CA-001,"Alameda County",197608,0.29,127,0.26,0.03
CA-001,"Alameda County",197609,0.87,120,0.65,0.22
CA-001,"Alameda County",197610,0.56,59,-0.36,0.92
CA-001,"Alameda County",197611,0.93,40,-1.18,2.11
CA-001,"Alameda County",197612,1.29,27,-1.93,3.22
CA-001,"Alameda County",197701,1.33,29,-2.64,3.97
CA-001,"Alameda County",197702,0.89,21,-2.45,3.34
CA-001,"Alameda County",197703,1.77,43,-1.1,2.87
CA-001,"Alameda County",197704,0.16,8,-1.18,1.34
CA-001,"Alameda County",197705,1.2,110,0.62,0.58
CA-001,"Alameda County",197706,0.01,46,-0.13,0.14
CA-001,"Alameda County",197707,0.03,116,0.02,0.01
CA-001,"Alameda County",197708,0.01,87,-0.02,0.03
CA-001,"Alameda County",197709,0.68,114,0.46,0.22
CA-001,"Alameda County",197710,0.26,38,-0.66,0.92
CA-001,"Alameda County",197711,2.08,73,-0.03,2.11
CA-001,"Alameda County",197712,3.97,86,0.75,3.22
CA-001,"Alameda County",197801,7.4,113,3.43,3.97
CA-001,"Alameda County",197802,3.81,81,0.47,3.34
CA-001,"Alameda County",197803,5.16,109,2.29,2.87
CA-001,"Alameda County",197804,3.34,115,2.0,1.34
CA-001,"Alameda County",197805,0.02,18,-0.56,0.58
CA-001,"Alameda County",197806,0.0,1,-0.14,0.14
CA-001,"Alameda County",197807,0.0,1,-0.01,0.01
CA-001,"Alameda County",197808,0.0,1,-0.03,0.03
CA-001,"Alameda County",197809,0.32,101,0.1,0.22
CA-001,"Alameda County",197810,0.0,1,-0.92,0.92
CA-001,"Alameda County",197811,2.16,75,0.05,2.11
CA-001,"Alameda County",197812,0.63,10,-2.59,3.22
CA-001,"Alameda County",197901,5.7,102,1.73,3.97
CA-001,"Alameda County",197902,4.36,91,1.02,3.34
CA-001,"Alameda County",197903,2.74,75,-0.13,2.87
CA-001,"Alameda County",197904,0.93,57,-0.41,1.34
CA-001,"Alameda County",197905,0.29,56,-0.29,0.58
CA-001,"Alameda County",197906,0.0,1,-0.14,0.14
CA-001,"Alameda County",197907,0.06,126,0.05,0.01
CA-001,"Alameda County",197908,0.01,87,-0.02,0.03
CA-001,"Alameda County",197909,0.0,1,-0.22,0.22
CA-001,"Alameda County",197910,2.12,112,1.2,0.92
CA-001,"Alameda County",197911,1.97,70,-0.14,2.11
CA-001,"Alameda County",197912,4.04,89,0.82,3.22
CA-001,"Alameda County",198001,4.52,88,0.55,3.97
CA-001,"Alameda County",198002,5.92,109,2.58,3.34
CA-001,"Alameda County",198003,1.83,46,-1.04,2.87
CA-001,"Alameda County",198004,1.47,80,0.13,1.34
CA-001,"Alameda County",198005,0.33,58,-0.25,0.58
CA-001,"Alameda County",198006,0.02,58,-0.12,0.14
CA-001,"Alameda County",198007,0.06,126,0.05,0.01
CA-001,"Alameda County",198008,0.0,1,-0.03,0.03
CA-001,"Alameda County",198009,0.0,1,-0.22,0.22
CA-001,"Alameda County",198010,0.08,22,-0.84,0.92
CA-001,"Alameda County",198011,0.23,10,-1.88,2.11
CA-001,"Alameda County",198012,1.7,36,-1.52,3.22
CA-001,"Alameda County",198101,4.75,91,0.78,3.97
CA-001,"Alameda County",198102,1.4,32,-1.94,3.34
CA-001,"Alameda County",198103,3.96,94,1.09,2.87
CA-001,"Alameda County",198104,0.5,35,-0.84,1.34
CA-001,"Alameda County",198105,0.16,44,-0.42,0.58
CA-001,"Alameda County",198106,0.0,1,-0.14,0.14
CA-001,"Alameda County",198107,0.0,1,-0.01,0.01
CA-001,"Alameda County",198108,0.0,1,-0.03,0.03
CA-001,"Alameda County",198109,0.11,76,-0.11,0.22
CA-001,"Alameda County",198110,2.25,116,1.34,0.91
CA-001,"Alameda County",198111,4.96,117,2.85,2.11
CA-001,"Alameda County",198112,3.5,78,0.28,3.22
CA-001,"Alameda County",198201,6.62,108,2.65,3.97
CA-001,"Alameda County",198202,3.0,71,-0.34,3.34
CA-001,"Alameda County",198203,6.75,118,3.88,2.87
CA-001,"Alameda County",198204,3.09,112,1.75,1.34
CA-001,"Alameda County",198205,0.0,1,-0.58,0.58
CA-001,"Alameda County",198206,0.27,104,0.13,0.14
CA-001,"Alameda County",198207,0.02,114,0.01,0.01
CA-001,"Alameda County",198208,0.03,103,0.0,0.03
CA-001,"Alameda County",198209,1.15,124,0.93,0.22
CA-001,"Alameda County",198210,2.47,118,1.56,0.91
CA-001,"Alameda County",198211,5.17,119,3.06,2.11
CA-001,"Alameda County",198212,3.1,69,-0.12,3.22
CA-001,"Alameda County",198301,7.01,110,3.04,3.97
CA-001,"Alameda County",198302,6.29,113,2.95,3.34
CA-001,"Alameda County",198303,9.02,126,6.15,2.87
CA-001,"Alameda County",198304,3.91,120,2.57,1.34
CA-001,"Alameda County",198305,0.42,65,-0.16,0.58
CA-001,"Alameda County",198306,0.01,46,-0.13,0.14
CA-001,"Alameda County",198307,0.01,103,0.0,0.01
CA-001,"Alameda County",198308,0.16,118,0.13,0.03
CA-001,"Alameda County",198309,0.83,117,0.61,0.22
CA-001,"Alameda County",198310,0.54,56,-0.38,0.92
CA-001,"Alameda County",198311,6.59,126,4.48,2.11
CA-001,"Alameda County",198312,5.35,101,2.13,3.22
CA-001,"Alameda County",198401,0.35,5,-3.62,3.97
CA-001,"Alameda County",198402,2.09,54,-1.25,3.34
CA-001,"Alameda County",198403,1.34,30,-1.53,2.87
CA-001,"Alameda County",198404,0.71,50,-0.63,1.34
CA-001,"Alameda County",198405,0.05,32,-0.53,0.58
CA-001,"Alameda County",198406,0.15,91,0.01,0.14
CA-001,"Alameda County",198407,0.0,1,-0.01,0.01
CA-001,"Alameda County",198408,0.06,107,0.03,0.03
CA-001,"Alameda County",198409,0.11,76,-0.11,0.22
CA-001,"Alameda County",198410,2.16,115,1.24,0.92
CA-001,"Alameda County",198411,5.91,123,3.8,2.11
CA-001,"Alameda County",198412,1.83,41,-1.39,3.22
CA-001,"Alameda County",198501,0.73,10,-3.24,3.97
CA-001,"Alameda County",198502,1.53,35,-1.81,3.34
CA-001,"Alameda County",198503,3.43,87,0.56,2.87
CA-001,"Alameda County",198504,0.25,14,-1.09,1.34
CA-001,"Alameda County",198505,0.13,41,-0.45,0.58
CA-001,"Alameda County",198506,0.23,98,0.09,0.14
CA-001,"Alameda County",198507,0.03,116,0.02,0.01
CA-001,"Alameda County",198508,0.02,96,-0.01,0.03
CA-001,"Alameda County",198509,0.36,103,0.14,0.22
CA-001,"Alameda County",198510,0.97,77,0.06,0.91
CA-001,"Alameda County",198511,3.37,101,1.26,2.11
CA-001,"Alameda County",198512,2.33,57,-0.89,3.22
CA-001,"Alameda County",198601,3.16,64,-0.81,3.97
CA-001,"Alameda County",198602,8.3,126,4.96,3.34
CA-001,"Alameda County",198603,5.35,111,2.48,2.87
CA-001,"Alameda County",198604,0.7,49,-0.64,1.34
CA-001,"Alameda County",198605,0.25,54,-0.33,0.58
CA-001,"Alameda County",198606,0.0,1,-0.14,0.14
CA-001,"Alameda County",198607,0.04,119,0.03,0.01
CA-001,"Alameda County",198608,0.0,1,-0.03,0.03
CA-001,"Alameda County",198609,0.89,122,0.67,0.22
CA-001,"Alameda County",198610,0.09,25,-0.82,0.91
CA-001,"Alameda County",198611,0.15,8,-1.96,2.11
CA-001,"Alameda County",198612,1.25,26,-1.97,3.22
CA-001,"Alameda County",198701,2.86,53,-1.11,3.97
CA-001,"Alameda County",198702,3.95,84,0.61,3.34
CA-001,"Alameda County",198703,2.62,68,-0.25,2.87
CA-001,"Alameda County",198704,0.26,15,-1.08,1.34
CA-001,"Alameda County",198705,0.05,32,-0.53,0.58
CA-001,"Alameda County",198706,0.01,46,-0.13,0.14
CA-001,"Alameda County",198707,0.0,1,-0.01,0.01
CA-001,"Alameda County",198708,0.0,1,-0.03,0.03
CA-001,"Alameda County",198709,0.0,1,-0.22,0.22
CA-001,"Alameda County",198710,1.1,83,0.18,0.92
CA-001,"Alameda County",198711,1.77,66,-0.34,2.11
CA-001,"Alameda County",198712,3.55,80,0.33,3.22
CA-001,"Alameda County",198801,2.92,57,-1.05,3.97
CA-001,"Alameda County",198802,0.46,11,-2.88,3.34
CA-001,"Alameda County",198803,0.2,4,-2.67,2.87
CA-001,"Alameda County",198804,1.8,95,0.46,1.34
CA-001,"Alameda County",198805,0.64,83,0.06,0.58
CA-001,"Alameda County",198806,0.32,111,0.18,0.14
CA-001,"Alameda County",198807,0.0,1,-0.01,0.01
CA-001,"Alameda County",198808,0.0,1,-0.03,0.03
CA-001,"Alameda County",198809,0.0,1,-0.22,0.22
CA-001,"Alameda County",198810,0.26,38,-0.66,0.92
CA-001,"Alameda County",198811,2.62,89,0.51,2.11
CA-001,"Alameda County",198812,3.2,70,-0.02,3.22
CA-001,"Alameda County",198901,1.14,19,-2.83,3.97
CA-001,"Alameda County",198902,1.28,29,-2.06,3.34
CA-001,"Alameda County",198903,4.21,102,1.34,2.87
CA-001,"Alameda County",198904,0.74,51,-0.6,1.34
CA-001,"Alameda County",198905,0.1,37,-0.48,0.58
CA-001,"Alameda County",198906,0.07,78,-0.07,0.14
CA-001,"Alameda County",198907,0.0,1,-0.01,0.01
CA-001,"Alameda County",198908,0.03,103,0.0,0.03
CA-001,"Alameda County",198909,1.12,123,0.9,0.22
CA-001,"Alameda County",198910,1.76,101,0.84,0.92
CA-001,"Alameda County",198911,1.31,50,-0.8,2.11
CA-001,"Alameda County",198912,0.04,1,-3.18,3.22
CA-001,"Alameda County",199001,2.68,50,-1.29,3.97
CA-001,"Alameda County",199002,2.38,60,-0.96,3.34
CA-001,"Alameda County",199003,1.13,24,-1.74,2.87
CA-001,"Alameda County",199004,0.43,30,-0.91,1.34
CA-001,"Alameda County",199005,2.52,122,1.94,0.58
CA-001,"Alameda County",199006,0.0,1,-0.14,0.14
CA-001,"Alameda County",199007,0.02,114,0.01,0.01
CA-001,"Alameda County",199008,0.01,87,-0.02,0.03
CA-001,"Alameda County",199009,0.17,87,-0.05,0.22
CA-001,"Alameda County",199010,0.21,34,-0.7,0.91
CA-001,"Alameda County",199011,0.46,19,-1.65,2.11
CA-001,"Alameda County",199012,1.81,39,-1.41,3.22
CA-001,"Alameda County",199101,0.37,6,-3.6,3.97
CA-001,"Alameda County",199102,2.74,70,-0.6,3.34
CA-001,"Alameda County",199103,7.21,124,4.34,2.87
CA-001,"Alameda County",199104,0.5,35,-0.84,1.34
CA-001,"Alameda County",199105,0.34,59,-0.24,0.58
CA-001,"Alameda County",199106,0.13,87,-0.01,0.14
CA-001,"Alameda County",199107,0.01,103,0.0,0.01
CA-001,"Alameda County",199108,0.2,123,0.17,0.03
CA-001,"Alameda County",199109,0.05,61,-0.17,0.22
CA-001,"Alameda County",199110,1.9,106,0.98,0.92
CA-001,"Alameda County",199111,0.48,20,-1.63,2.11
CA-001,"Alameda County",199112,2.09,47,-1.13,3.22
CA-001,"Alameda County",199201,1.63,36,-2.34,3.97
CA-001,"Alameda County",199202,6.27,112,2.93,3.34
CA-001,"Alameda County",199203,3.37,86,0.5,2.87
CA-001,"Alameda County",199204,0.51,37,-0.83,1.34
CA-001,"Alameda County",199205,0.0,1,-0.58,0.58
CA-001,"Alameda County",199206,0.24,100,0.1,0.14
CA-001,"Alameda County",199207,0.01,103,0.0,0.01
CA-001,"Alameda County",199208,0.02,96,-0.01,0.03
CA-001,"Alameda County",199209,0.01,33,-0.21,0.22
CA-001,"Alameda County",199210,1.32,92,0.4,0.92
CA-001,"Alameda County",199211,0.24,11,-1.87,2.11
CA-001,"Alameda County",199212,6.1,110,2.88,3.22
CA-001,"Alameda County",199301,8.19,119,4.22,3.97
CA-001,"Alameda County",199302,5.08,99,1.74,3.34
CA-001,"Alameda County",199303,3.19,84,0.32,2.87
CA-001,"Alameda County",199304,0.81,53,-0.53,1.34
CA-001,"Alameda County",199305,0.87,99,0.29,0.58
CA-001,"Alameda County",199306,0.39,117,0.25,0.14
CA-001,"Alameda County",199307,0.0,1,-0.01,0.01
CA-001,"Alameda County",199308,0.0,1,-0.03,0.03
CA-001,"Alameda County",199309,0.0,1,-0.22,0.22
CA-001,"Alameda County",199310,0.58,63,-0.34,0.92
CA-001,"Alameda County",199311,2.36,81,0.25,2.11
CA-001,"Alameda County",199312,2.32,56,-0.9,3.22
CA-001,"Alameda County",199401,1.74,38,-2.23,3.97
CA-001,"Alameda County",199402,3.95,84,0.61,3.34
CA-001,"Alameda County",199403,0.26,8,-2.61,2.87
CA-001,"Alameda County",199404,1.47,80,0.13,1.34
CA-001,"Alameda County",199405,1.74,118,1.16,0.58
CA-001,"Alameda County",199406,0.03,61,-0.11,0.14
CA-001,"Alameda County",199407,0.0,1,-0.01,0.01
CA-001,"Alameda County",199408,0.0,1,-0.03,0.03
CA-001,"Alameda County",199409,0.07,66,-0.15,0.22
CA-001,"Alameda County",199410,0.53,54,-0.38,0.91
CA-001,"Alameda County",199411,4.88,116,2.77,2.11
CA-001,"Alameda County",199412,2.04,46,-1.18,3.22
CA-001,"Alameda County",199501,9.11,123,5.14,3.97
CA-001,"Alameda County",199502,0.31,8,-3.03,3.34
CA-001,"Alameda County",199503,8.31,125,5.44,2.87
CA-001,"Alameda County",199504,1.52,81,0.18,1.34
CA-001,"Alameda County",199505,1.21,111,0.63,0.58
CA-001,"Alameda County",199506,0.66,123,0.52,0.14
CA-001,"Alameda County",199507,0.01,103,0.0,0.01
CA-001,"Alameda County",199508,0.0,1,-0.03,0.03
CA-001,"Alameda County",199509,0.0,1,-0.22,0.22
CA-001,"Alameda County",199510,0.01,7,-0.9,0.91
CA-001,"Alameda County",199511,0.06,6,-2.05,2.11
CA-001,"Alameda County",199512,6.48,112,3.26,3.22
CA-001,"Alameda County",199601,5.83,103,1.86,3.97
CA-001,"Alameda County",199602,5.36,102,2.02,3.34
CA-001,"Alameda County",199603,2.7,72,-0.17,2.87
CA-001,"Alameda County",199604,1.8,95,0.46,1.34
CA-001,"Alameda County",199605,1.84,119,1.26,0.58
CA-001,"Alameda County",199606,0.01,46,-0.13,0.14
CA-001,"Alameda County",199607,0.0,1,-0.01,0.01
CA-001,"Alameda County",199608,0.0,1,-0.03,0.03
CA-001,"Alameda County",199609,0.02,48,-0.2,0.22
CA-001,"Alameda County",199610,1.26,88,0.34,0.92
CA-001,"Alameda County",199611,2.94,95,0.83,2.11
CA-001,"Alameda County",199612,6.87,117,3.65,3.22
CA-001,"Alameda County",199701,7.48,114,3.51,3.97
CA-001,"Alameda County",199702,0.26,6,-3.08,3.34
CA-001,"Alameda County",199703,0.27,10,-2.6,2.87
CA-001,"Alameda County",199704,0.35,26,-0.99,1.34
CA-001,"Alameda County",199705,0.38,64,-0.2,0.58
CA-001,"Alameda County",199706,0.29,106,0.15,0.14
CA-001,"Alameda County",199707,0.0,1,-0.01,0.01
CA-001,"Alameda County",199708,0.25,125,0.22,0.03
CA-001,"Alameda County",199709,0.02,48,-0.2,0.22
CA-001,"Alameda County",199710,0.66,65,-0.26,0.92
CA-001,"Alameda County",199711,5.87,122,3.76,2.11
CA-001,"Alameda County",199712,2.54,60,-0.68,3.22
CA-001,"Alameda County",199801,7.79,115,3.82,3.97
CA-001,"Alameda County",199802,11.44,127,8.1,3.34
CA-001,"Alameda County",199803,2.74,75,-0.13,2.87
CA-001,"Alameda County",199804,1.85,99,0.51,1.34
CA-001,"Alameda County",199805,2.87,126,2.29,0.58
CA-001,"Alameda County",199806,0.1,84,-0.04,0.14
CA-001,"Alameda County",199807,0.0,1,-0.01,0.01
CA-001,"Alameda County",199808,0.0,1,-0.03,0.03
CA-001,"Alameda County",199809,0.16,86,-0.06,0.22
CA-001,"Alameda County",199810,0.74,69,-0.18,0.92
CA-001,"Alameda County",199811,3.09,96,0.98,2.11
CA-001,"Alameda County",199812,1.09,22,-2.13,3.22
CA-001,"Alameda County",199901,3.88,80,-0.09,3.97
CA-001,"Alameda County",199902,4.7,95,1.36,3.34
CA-001,"Alameda County",199903,2.55,66,-0.32,2.87
CA-001,"Alameda County",199904,1.67,87,0.33,1.34
CA-001,"Alameda County",199905,0.1,37,-0.48,0.58
CA-001,"Alameda County",199906,0.07,78,-0.07,0.14
CA-001,"Alameda County",199907,0.0,1,-0.01,0.01
CA-001,"Alameda County",199908,0.05,105,0.02,0.03
CA-001,"Alameda County",199909,0.13,80,-0.09,0.22
CA-001,"Alameda County",199910,0.34,42,-0.58,0.92
CA-001,"Alameda County",199911,1.77,66,-0.34,2.11
CA-001,"Alameda County",199912,0.42,7,-2.8,3.22
CA-001,"Alameda County",200001,5.94,105,1.97,3.97
CA-001,"Alameda County",200002,7.24,118,3.9,3.34
CA-001,"Alameda County",200003,1.92,50,-0.95,2.87
CA-001,"Alameda County",200004,1.09,65,-0.25,1.34
CA-001,"Alameda County",200005,1.0,103,0.42,0.58
CA-001,"Alameda County",200006,0.25,101,0.11,0.14
CA-001,"Alameda County",200007,0.0,1,-0.01,0.01
CA-001,"Alameda County",200008,0.02,96,-0.01,0.03
CA-001,"Alameda County",200009,0.22,94,0.0,0.22
CA-001,"Alameda County",200010,2.64,119,1.72,0.92
CA-001,"Alameda County",200011,0.73,32,-1.38,2.11
CA-001,"Alameda County",200012,0.64,11,-2.58,3.22
CA-001,"Alameda County",200101,2.93,58,-1.04,3.97
CA-001,"Alameda County",200102,4.7,95,1.36,3.34
CA-001,"Alameda County",200103,1.64,38,-1.23,2.87
CA-001,"Alameda County",200104,1.74,89,0.4,1.34
CA-001,"Alameda County",200105,0.0,1,-0.58,0.58
CA-001,"Alameda County",200106,0.14,90,0.0,0.14
CA-001,"Alameda County",200107,0.0,1,-0.01,0.01
CA-001,"Alameda County",200108,0.01,87,-0.02,0.03
CA-001,"Alameda County",200109,0.15,84,-0.07,0.22
CA-001,"Alameda County",200110,0.4,48,-0.52,0.92
CA-001,"Alameda County",200111,3.42,103,1.31,2.11
CA-001,"Alameda County",200112,7.14,119,3.92,3.22
CA-001,"Alameda County",200201,1.31,27,-2.66,3.97
CA-001,"Alameda County",200202,1.28,29,-2.06,3.34
CA-001,"Alameda County",200203,2.51,62,-0.36,2.87
CA-001,"Alameda County",200204,0.28,18,-1.06,1.34
CA-001,"Alameda County",200205,0.85,97,0.27,0.58
CA-001,"Alameda County",200206,0.0,1,-0.14,0.14
CA-001,"Alameda County",200207,0.0,1,-0.01,0.01
CA-001,"Alameda County",200208,0.01,87,-0.02,0.03
CA-001,"Alameda County",200209,0.0,1,-0.22,0.22
CA-001,"Alameda County",200210,0.01,7,-0.9,0.91
CA-001,"Alameda County",200211,2.78,93,0.67,2.11
CA-001,"Alameda County",200212,9.31,125,6.09,3.22
CA-001,"Alameda County",200301,0.99,15,-2.98,3.97
CA-001,"Alameda County",200302,1.65,43,-1.69,3.34
CA-001,"Alameda County",200303,1.49,35,-1.38,2.87
CA-001,"Alameda County",200304,3.63,117,2.29,1.34
CA-001,"Alameda County",200305,0.93,102,0.35,0.58
CA-001,"Alameda County",200306,0.0,1,-0.14,0.14
CA-001,"Alameda County",200307,0.0,1,-0.01,0.01
CA-001,"Alameda County",200308,0.1,113,0.07,0.03
CA-001,"Alameda County",200309,0.01,33,-0.21,0.22
CA-001,"Alameda County",200310,0.04,16,-0.88,0.92
CA-001,"Alameda County",200311,2.04,72,-0.07,2.11
CA-001,"Alameda County",200312,5.55,103,2.33,3.22
CA-001,"Alameda County",200401,2.48,45,-1.49,3.97
CA-001,"Alameda County",200402,4.77,96,1.43,3.34
CA-001,"Alameda County",200403,0.64,18,-2.23,2.87
CA-001,"Alameda County",200404,0.19,10,-1.15,1.34
CA-001,"Alameda County",200405,0.1,37,-0.48,0.58
CA-001,"Alameda County",200406,0.0,1,-0.14,0.14
CA-001,"Alameda County",200407,0.0,1,-0.01,0.01
CA-001,"Alameda County",200408,0.01,87,-0.02,0.03
CA-001,"Alameda County",200409,0.29,99,0.07,0.22
CA-001,"Alameda County",200410,3.25,121,2.34,0.91
CA-001,"Alameda County",200411,1.46,57,-0.65,2.11
CA-001,"Alameda County",200412,5.16,99,1.94,3.22
CA-001,"Alameda County",200501,3.72,75,-0.25,3.97
CA-001,"Alameda County",200502,4.01,86,0.67,3.34
CA-001,"Alameda County",200503,4.06,97,1.19,2.87
CA-001,"Alameda County",200504,1.85,99,0.51,1.34
CA-001,"Alameda County",200505,1.4,117,0.82,0.58
CA-001,"Alameda County",200506,0.35,114,0.21,0.14
CA-001,"Alameda County",200507,0.01,103,0.0,0.01
CA-001,"Alameda County",200508,0.0,1,-0.03,0.03
CA-001,"Alameda County",200509,0.12,78,-0.1,0.22
CA-001,"Alameda County",200510,0.22,36,-0.7,0.92
CA-001,"Alameda County",200511,1.05,42,-1.06,2.11
CA-001,"Alameda County",200512,7.73,122,4.51,3.22
CA-001,"Alameda County",200601,3.14,61,-0.83,3.97
CA-001,"Alameda County",200602,1.8,47,-1.54,3.34
CA-001,"Alameda County",200603,6.79,120,3.92,2.87
CA-001,"Alameda County",200604,4.0,121,2.66,1.34
CA-001,"Alameda County",200605,0.62,81,0.04,0.58
CA-001,"Alameda County",200606,0.0,1,-0.14,0.14
CA-001,"Alameda County",200607,0.0,1,-0.01,0.01
CA-001,"Alameda County",200608,0.0,1,-0.03,0.03
CA-001,"Alameda County",200609,0.0,1,-0.22,0.22
CA-001,"Alameda County",200610,0.36,44,-0.56,0.92
CA-001,"Alameda County",200611,1.83,67,-0.28,2.11
CA-001,"Alameda County",200612,2.81,67,-0.41,3.22
CA-001,"Alameda County",200701,0.67,9,-3.3,3.97
CA-001,"Alameda County",200702,4.29,88,0.95,3.34
CA-001,"Alameda County",200703,0.36,12,-2.51,2.87
CA-001,"Alameda County",200704,1.04,62,-0.3,1.34
CA-001,"Alameda County",200705,0.21,50,-0.37,0.58
CA-001,"Alameda County",200706,0.0,1,-0.14,0.14
CA-001,"Alameda County",200707,0.02,114,0.01,0.01
CA-001,"Alameda County",200708,0.0,1,-0.03,0.03
CA-001,"Alameda County",200709,0.22,94,0.0,0.22
CA-001,"Alameda County",200710,1.55,98,0.64,0.91
CA-001,"Alameda County",200711,0.73,32,-1.38,2.11
CA-001,"Alameda County",200712,2.48,59,-0.74,3.22
CA-001,"Alameda County",200801,6.93,109,2.96,3.97
CA-001,"Alameda County",200802,2.35,59,-0.99,3.34
CA-001,"Alameda County",200803,0.2,4,-2.67,2.87
CA-001,"Alameda County",200804,0.1,4,-1.24,1.34
CA-001,"Alameda County",200805,0.01,9,-0.57,0.58
CA-001,"Alameda County",200806,0.0,1,-0.14,0.14
CA-001,"Alameda County",200807,0.0,1,-0.01,0.01
CA-001,"Alameda County",200808,0.0,1,-0.03,0.03
CA-001,"Alameda County",200809,0.0,1,-0.22,0.22
CA-001,"Alameda County",200810,0.37,45,-0.54,0.91
CA-001,"Alameda County",200811,2.0,71,-0.11,2.11
CA-001,"Alameda County",200812,2.22,49,-1.0,3.22
CA-001,"Alameda County",200901,1.31,27,-2.66,3.97
CA-001,"Alameda County",200902,5.51,105,2.17,3.34
CA-001,"Alameda County",200903,2.53,63,-0.34,2.87
CA-001,"Alameda County",200904,0.47,32,-0.87,1.34
CA-001,"Alameda County",200905,0.67,86,0.09,0.58
CA-001,"Alameda County",200906,0.08,81,-0.06,0.14
CA-001,"Alameda County",200907,0.0,1,-0.01,0.01
CA-001,"Alameda County",200908,0.01,87,-0.02,0.03
CA-001,"Alameda County",200909,0.27,97,0.05,0.22
CA-001,"Alameda County",200910,3.49,123,2.58,0.91
CA-001,"Alameda County",200911,0.4,17,-1.71,2.11
CA-001,"Alameda County",200912,2.58,63,-0.64,3.22
CA-001,"Alameda County",201001,5.38,97,1.41,3.97
CA-001,"Alameda County",201002,2.73,69,-0.61,3.34
CA-001,"Alameda County",201003,2.2,56,-0.67,2.87
CA-001,"Alameda County",201004,3.12,113,1.78,1.34
CA-001,"Alameda County",201005,0.72,92,0.14,0.58
CA-001,"Alameda County",201006,0.01,46,-0.13,0.14
CA-001,"Alameda County",201007,0.0,1,-0.01,0.01
CA-001,"Alameda County",201008,0.0,1,-0.03,0.03
CA-001,"Alameda County",201009,0.01,33,-0.21,0.22
CA-001,"Alameda County",201010,1.07,81,0.16,0.91
CA-001,"Alameda County",201011,2.52,86,0.41,2.11
CA-001,"Alameda County",201012,5.41,102,2.19,3.22
CA-001,"Alameda County",201101,1.04,16,-2.93,3.97
CA-001,"Alameda County",201102,3.47,76,0.13,3.34
CA-001,"Alameda County",201103,5.65,116,2.78,2.87
CA-001,"Alameda County",201104,0.26,15,-1.08,1.34
CA-001,"Alameda County",201105,0.81,96,0.23,0.58
CA-001,"Alameda County",201106,0.71,127,0.57,0.14
CA-001,"Alameda County",201107,0.01,103,0.0,0.01
CA-001,"Alameda County",201108,0.0,1,-0.03,0.03
CA-001,"Alameda County",201109,0.0,1,-0.22,0.22
CA-001,"Alameda County",201110,1.32,92,0.4,0.92
CA-001,"Alameda County",201111,1.15,46,-0.96,2.11
CA-001,"Alameda County",201112,0.11,3,-3.11,3.22
CA-001,"Alameda County",201201,2.08,41,-1.89,3.97
CA-001,"Alameda County",201202,0.84,19,-2.5,3.34
CA-001,"Alameda County",201203,4.4,105,1.53,2.87
CA-001,"Alameda County",201204,2.73,110,1.39,1.34
CA-001,"Alameda County",201205,0.03,25,-0.55,0.58
CA-001,"Alameda County",201206,0.14,90,0.0,0.14
CA-001,"Alameda County",201207,0.01,103,0.0,0.01
CA-001,"Alameda County",201208,0.0,1,-0.03,0.03
CA-001,"Alameda County",201209,0.0,1,-0.22,0.22
CA-001,"Alameda County",201210,0.79,73,-0.12,0.91
CA-001,"Alameda County",201211,3.95,110,1.84,2.11
CA-001,"Alameda County",201212,5.81,105,2.59,3.22
CA-001,"Alameda County",201301,0.81,11,-3.16,3.97
CA-001,"Alameda County",201302,0.47,13,-2.87,3.34
CA-001,"Alameda County",201303,0.63,17,-2.24,2.87
CA-001,"Alameda County",201304,0.69,46,-0.65,1.34
CA-001,"Alameda County",201305,0.07,36,-0.51,0.58
CA-001,"Alameda County",201306,0.12,86,-0.02,0.14
CA-001,"Alameda County",201307,0.0,1,-0.01,0.01
CA-001,"Alameda County",201308,0.0,1,-0.03,0.03
CA-001,"Alameda County",201309,0.54,109,0.32,0.22
CA-001,"Alameda County",201310,0.01,7,-0.9,0.91
CA-001,"Alameda County",201311,1.31,50,-0.8,2.11
CA-001,"Alameda County",201312,0.43,8,-2.79,3.22
CA-001,"Alameda County",201401,0.11,2,-3.86,3.97
CA-001,"Alameda County",201402,3.83,82,0.49,3.34
CA-001,"Alameda County",201403,2.02,53,-0.85,2.87
CA-001,"Alameda County",201404,1.36,75,0.02,1.34
CA-001,"Alameda County",201405,0.02,18,-0.56,0.58
CA-001,"Alameda County",201406,0.01,46,-0.13,0.14
CA-001,"Alameda County",201407,0.01,103,0.0,0.01
CA-001,"Alameda County",201408,0.01,87,-0.02,0.03
CA-001,"Alameda County",201409,0.39,104,0.17,0.22
CA-001,"Alameda County",201410,0.47,51,-0.44,0.91
CA-001,"Alameda County",201411,1.75,64,-0.36,2.11
CA-001,"Alameda County",201412,9.9,126,6.68,3.22
CA-001,"Alameda County",201501,0.01,1,-3.96,3.97
CA-001,"Alameda County",201502,2.25,57,-1.09,3.34
CA-001,"Alameda County",201503,0.26,8,-2.61,2.87
CA-001,"Alameda County",201504,1.15,70,-0.19,1.34
CA-001,"Alameda County",201505,0.37,61,-0.21,0.58
CA-001,"Alameda County",201506,0.27,104,0.13,0.14
CA-001,"Alameda County",201507,0.01,103,0.0,0.01
CA-001,"Alameda County",201508,0.02,96,-0.01,0.03
CA-001,"Alameda County",201509,0.04,59,-0.18,0.22
CA-001,"Alameda County",201510,0.08,22,-0.84,0.92
CA-001,"Alameda County",201511,2.41,82,0.3,2.11
CA-001,"Alameda County",201512,3.52,79,0.3,3.22
CA-001,"Alameda County",201601,5.65,99,1.68,3.97
CA-001,"Alameda County",201602,0.84,19,-2.5,3.34
CA-001,"Alameda County",201603,5.25,110,2.38,2.87
CA-001,"Alameda County",201604,1.94,101,0.6,1.34
CA-001,"Alameda County",201605,0.24,53,-0.34,0.58
CA-001,"Alameda County",201606,0.0,1,-0.14,0.14
CA-001,"Alameda County",201607,0.0,1,-0.01,0.01
CA-001,"Alameda County",201608,0.0,1,-0.03,0.03
CA-001,"Alameda County",201609,0.0,1,-0.22,0.22
CA-001,"Alameda County",201610,3.65,124,2.74,0.91
CA-001,"Alameda County",201611,1.48,58,-0.63,2.11
CA-001,"Alameda County",201612,3.5,78,0.28,3.22
CA-001,"Alameda County",201701,9.38,124,5.41,3.97
CA-001,"Alameda County",201702,7.41,120,4.07,3.34
CA-001,"Alameda County",201703,2.65,70,-0.22,2.87
CA-001,"Alameda County",201704,2.5,109,1.16,1.34
CA-001,"Alameda County",201705,0.03,25,-0.55,0.58
CA-001,"Alameda County",201706,0.04,70,-0.1,0.14
CA-001,"Alameda County",201707,0.0,1,-0.01,0.01
CA-001,"Alameda County",201708,0.01,87,-0.02,0.03
CA-001,"Alameda County",201709,0.06,65,-0.16,0.22
CA-001,"Alameda County",201710,0.21,34,-0.7,0.91
CA-001,"Alameda County",201711,2.58,88,0.47,2.11
CA-001,"Alameda County",201712,0.1,2,-3.12,3.22
CA-001,"Alameda County",201801,4.28,84,0.31,3.97
CA-001,"Alameda County",201802,0.57,15,-2.77,3.34
CA-001,"Alameda County",201803,4.39,104,1.52,2.87
CA-001,"Alameda County",201804,2.44,108,1.1,1.34
CA-001,"Alameda County",201805,0.02,18,-0.56,0.58
CA-001,"Alameda County",201806,0.0,1,-0.14,0.14
CA-001,"Alameda County",201807,0.0,1,-0.01,0.01
CA-001,"Alameda County",201808,0.0,1,-0.03,0.03
CA-001,"Alameda County",201809,0.0,1,-0.22,0.22
CA-001,"Alameda County",201810,0.14,29,-0.78,0.92
CA-001,"Alameda County",201811,2.71,91,0.6,2.11
CA-001,"Alameda County",201812,2.02,45,-1.2,3.22
CA-001,"Alameda County",201901,3.73,76,-0.24,3.97
CA-001,"Alameda County",201902,6.83,115,3.49,3.34
CA-001,"Alameda County",201903,4.11,100,1.24,2.87
CA-001,"Alameda County",201904,0.47,32,-0.87,1.34
CA-001,"Alameda County",201905,2.25,121,1.67,0.58
CA-001,"Alameda County",201906,0.0,1,-0.14,0.14
CA-001,"Alameda County",201907,0.0,1,-0.01,0.01
CA-001,"Alameda County",201908,0.0,1,-0.03,0.03
CA-001,"Alameda County",201909,0.19,88,-0.03,0.22
CA-001,"Alameda County",201910,0.0,1,-0.92,0.92
CA-001,"Alameda County",201911,1.09,43,-1.02,2.11
CA-001,"Alameda County",201912,3.62,82,0.4,3.22
CA-001,"Alameda County",202001,1.55,35,-2.42,3.97
CA-001,"Alameda County",202002,0.0,1,-3.34,3.34
CA-001,"Alameda County",202003,2.61,67,-0.26,2.87
CA-001,"Alameda County",202004,1.54,82,0.2,1.34
CA-001,"Alameda County",202005,0.62,81,0.04,0.58
CA-001,"Alameda County",202006,0.0,1,-0.14,0.14
CA-001,"Alameda County",202007,0.0,1,-0.01,0.01
CA-001,"Alameda County",202008,0.07,109,0.04,0.03
CA-001,"Alameda County",202009,0.0,1,-0.22,0.22
CA-001,"Alameda County",202010,0.0,1,-0.92,0.92
CA-001,"Alameda County",202011,0.37,15,-1.74,2.11
CA-001,"Alameda County",202012,1.66,35,-1.56,3.22
CA-001,"Alameda County",202101,3.15,62,-0.82,3.97
CA-001,"Alameda County",202102,0.98,24,-2.36,3.34
CA-001,"Alameda County",202103,1.36,32,-1.51,2.87
CA-001,"Alameda County",202104,0.1,4,-1.24,1.34
CA-001,"Alameda County",202105,0.01,9,-0.57,0.58
CA-001,"Alameda County",202106,0.0,1,-0.14,0.14
CA-001,"Alameda County",202107,0.0,1,-0.01,0.01
CA-001,"Alameda County",202108,0.0,1,-0.03,0.03
CA-001,"Alameda County",202109,0.02,48,-0.2,0.22
CA-001,"Alameda County",202110,5.09,127,4.18,0.91
CA-001,"Alameda County",202111,0.86,37,-1.25,2.11
CA-001,"Alameda County",202112,6.55,113,3.33,3.22
CA-001,"Alameda County",202201,0.17,3,-3.8,3.97